year,epi_week,temp_max_mean,temp_min_mean,temp_mean,precipitation,humidity_mean,heat_index_mean,n_dias,fecha_inicio,temp_mean_anomaly,precipitation_anomaly,humidity_mean_anomaly
2021,52,32.8,22.05,27.450000000000003,0.9,54.25,28.0318922567089,2,2022-01-01,2.682857142857145,-3.1599999999999997,-2.714285714285708
2022,1,31.699999999999996,20.385714285714283,25.614285714285717,1.3,42.714285714285715,25.75512229131888,7,2022-01-03,-0.42285714285713993,-4.000000000000001,-10.480952380952381
2022,2,37.24285714285714,23.557142857142857,29.857142857142858,4.800000000000001,43.142857142857146,30.233170365795274,7,2022-01-10,3.3785714285714263,1.9750000000000005,-10.428571428571423
2022,3,27.842857142857138,21.67142857142857,24.057142857142857,66.5,81.71428571428571,24.403602891128603,7,2022-01-17,-1.432142857142857,37.65,15.392857142857139
2022,4,27.514285714285712,18.614285714285717,22.785714285714285,25.2,65.07142857142857,22.785714285714285,7,2022-01-24,-2.5964285714285715,17.4,4.482142857142854
2022,5,27.114285714285717,17.942857142857143,22.25714285714286,37.6,61.0,22.25714285714286,7,2022-01-31,-3.1999999999999957,24.825000000000003,0.017857142857138797
2022,6,26.74285714285714,16.142857142857142,21.02857142857143,5.3999999999999995,55.07142857142857,21.02857142857143,7,2022-02-07,-5.25357142857143,-31.5,-5.375
2022,7,29.97142857142857,18.571428571428573,23.785714285714285,6.0,50.57142857142857,23.785714285714285,7,2022-02-14,0.596428571428568,-7.775000000000002,-9.67857142857143
2022,8,28.32857142857143,19.185714285714287,23.2,103.2,67.57142857142857,23.2,7,2022-02-21,-1.3035714285714306,76.025,3.4464285714285694
2022,9,28.0,18.457142857142856,22.87142857142857,1.4000000000000001,61.0,22.87142857142857,7,2022-02-28,-2.2428571428571438,-19.675,-5.642857142857139
2022,10,24.485714285714288,15.614285714285714,19.942857142857143,12.9,58.642857142857146,19.942857142857143,7,2022-03-07,-4.428571428571427,-19.15,-4.660714285714285
2022,11,25.842857142857145,15.757142857142856,20.5,4.7,53.357142857142854,20.5,7,2022-03-14,-2.185714285714287,-46.449999999999996,-14.071428571428577
2022,12,22.642857142857142,14.37142857142857,18.014285714285712,16.4,73.57142857142857,18.014285714285712,7,2022-03-21,-3.5964285714285715,-10.95,4.107142857142861
2022,13,22.428571428571427,12.728571428571428,17.0,1.7000000000000002,54.214285714285715,17.0,7,2022-03-28,-3.2071428571428555,-13.625,-11.125000000000007
2022,14,25.585714285714285,15.114285714285716,19.985714285714288,0.0,57.57142857142857,19.985714285714288,7,2022-04-04,1.196428571428573,-8.0,-8.42857142857143
2022,15,21.0,12.885714285714286,16.842857142857145,14.1,61.42857142857143,16.842857142857145,7,2022-04-11,-1.1821428571428534,-7.125000000000002,-8.089285714285708
2022,16,23.114285714285717,14.357142857142858,18.428571428571427,1.9000000000000001,55.92857142857143,18.428571428571427,7,2022-04-18,1.0071428571428562,-16.35,-11.035714285714292
2022,17,18.0,11.328571428571427,14.442857142857141,44.6,65.78571428571429,14.442857142857141,7,2022-04-25,-2.7892857142857164,17.6,-3.732142857142847
2022,18,19.52857142857143,10.971428571428572,14.785714285714286,0.0,69.14285714285714,14.785714285714286,7,2022-05-02,-0.9964285714285719,-9.35,-0.5714285714285694
2022,19,17.657142857142855,11.142857142857142,14.157142857142857,0.0,62.42857142857143,14.157142857142857,7,2022-05-09,-1.1678571428571427,-9.275,-9.232142857142861
2022,20,16.857142857142858,9.257142857142856,12.671428571428573,0.2,60.57142857142857,12.671428571428573,7,2022-05-16,-1.685714285714285,-26.55,-9.607142857142861
2022,21,15.014285714285714,8.885714285714284,11.771428571428572,23.400000000000002,71.92857142857143,11.771428571428572,7,2022-05-23,-0.9464285714285712,-9.525000000000002,-2.482142857142847
2022,22,12.157142857142857,5.971428571428571,8.757142857142856,0.0,63.42857142857143,8.757142857142856,7,2022-05-30,-3.2821428571428566,-5.9,-8.32142857142857
2022,23,14.9,7.3999999999999995,10.728571428571428,0.0,56.0,10.728571428571428,7,2022-06-06,-1.9714285714285715,-1.575,-12.839285714285722
2022,24,15.299999999999999,8.328571428571427,11.414285714285715,0.0,60.714285714285715,11.414285714285715,7,2022-06-13,-0.22857142857142776,-5.475,-8.660714285714285
2022,25,11.200000000000001,6.571428571428571,8.957142857142857,0.6,65.28571428571429,8.957142857142857,7,2022-06-20,-2.317857142857143,-1.5999999999999996,-11.375
2022,26,14.171428571428573,8.385714285714286,10.914285714285715,5.699999999999999,62.642857142857146,10.914285714285715,7,2022-06-27,1.25,3.8749999999999996,-2.374999999999993
2022,27,15.1,9.571428571428571,12.214285714285714,10.3,74.28571428571429,12.214285714285714,7,2022-07-04,1.875,2.1000000000000014,3.785714285714292
2022,28,13.5,7.814285714285715,10.442857142857141,0.3,65.71428571428571,10.442857142857141,7,2022-07-11,1.185714285714285,-9.224999999999998,-4.5
2022,29,16.514285714285712,9.357142857142858,12.357142857142858,5.4,75.14285714285714,12.357142857142858,7,2022-07-18,0.4678571428571434,-4.225,0.1964285714285694
2022,30,17.7,11.37142857142857,14.071428571428571,7.0,75.85714285714286,14.071428571428571,7,2022-07-25,1.8428571428571416,3.2750000000000004,1.375
2022,31,15.542857142857143,9.128571428571428,12.057142857142859,0.0,66.92857142857143,12.057142857142859,7,2022-08-01,-1.7571428571428562,-12.100000000000001,-0.5
2022,32,16.571428571428573,9.157142857142857,12.585714285714285,4.8,70.14285714285714,12.585714285714285,7,2022-08-08,1.5178571428571423,1.9,1.7857142857142776
2022,33,15.957142857142856,7.171428571428572,11.5,2.3,45.857142857142854,11.5,7,2022-08-15,-0.6392857142857142,-13.049999999999997,-15.946428571428577
2022,34,19.5,10.157142857142857,14.585714285714285,9.0,65.21428571428571,14.585714285714285,7,2022-08-22,2.317857142857143,-23.275,-3.017857142857153
2022,35,17.114285714285714,8.671428571428573,12.571428571428571,6.5,60.357142857142854,12.571428571428571,7,2022-08-29,-0.810714285714285,-22.349999999999998,-7.607142857142868
2022,36,19.3,9.214285714285714,14.014285714285714,0.8999999999999999,55.857142857142854,14.014285714285714,7,2022-09-05,1.1750000000000007,-10.4,-7.785714285714292
2022,37,21.142857142857142,11.642857142857142,15.928571428571429,0.0,59.642857142857146,15.928571428571429,7,2022-09-12,0.4607142857142854,-6.425000000000001,-3.0535714285714306
2022,38,19.585714285714285,10.842857142857143,15.0,1.8,53.357142857142854,15.0,7,2022-09-19,-1.3107142857142833,-10.125,-15.142857142857146
2022,39,22.571428571428573,11.785714285714286,16.742857142857144,1.6,51.5,16.742857142857144,7,2022-09-26,1.1750000000000007,-1.8249999999999997,-10.410714285714285
2022,40,21.82857142857143,10.585714285714285,16.014285714285716,1.5,50.5,16.014285714285716,7,2022-10-03,-1.37142857142857,-5.2250000000000005,-8.214285714285715
2022,41,20.342857142857145,10.714285714285714,15.357142857142858,1.7,49.785714285714285,15.357142857142858,7,2022-10-10,-1.6178571428571438,-3.3000000000000007,-10.392857142857146
2022,42,21.414285714285715,13.014285714285714,16.6,20.6,68.85714285714286,16.6,7,2022-10-17,-1.99642857142857,13.975000000000001,1.0357142857142918
2022,43,26.571428571428573,14.785714285714286,20.057142857142857,13.100000000000001,55.785714285714285,20.057142857142857,7,2022-10-24,0.20714285714285552,-17.924999999999997,-8.999999999999993
2022,44,23.657142857142855,11.585714285714285,17.414285714285715,0.0,45.714285714285715,17.414285714285715,7,2022-10-31,-0.6321428571428562,-16.65,-16.107142857142854
2022,45,27.5,16.257142857142856,20.942857142857143,22.1,55.785714285714285,20.942857142857143,7,2022-11-07,0.8714285714285701,-6.199999999999999,-7.982142857142861
2022,46,30.157142857142855,19.185714285714287,24.114285714285717,10.5,57.357142857142854,24.18693444874507,7,2022-11-14,2.2642857142857196,-9.95,-0.9821428571428541
2022,47,28.314285714285713,17.214285714285715,22.571428571428573,1.3,58.92857142857143,22.528345661849794,7,2022-11-21,1.4250000000000007,-6.95,-1.0178571428571388
2022,48,29.32857142857143,19.428571428571427,24.042857142857144,27.5,61.714285714285715,24.124750788781252,7,2022-11-28,1.082142857142859,2.375,-6.285714285714285
2022,49,35.08571428571428,23.099999999999998,28.542857142857144,16.599999999999998,54.642857142857146,29.700195991121095,7,2022-12-05,5.335714285714285,2.0249999999999986,-5.785714285714285
2022,50,28.17142857142857,17.54285714285714,22.885714285714283,3.5,50.642857142857146,22.886589864893274,7,2022-12-12,-1.0464285714285744,-15.325,-11.357142857142854
2022,51,28.342857142857145,19.75714285714286,23.571428571428573,11.200000000000001,60.92857142857143,23.571428571428573,7,2022-12-19,0.4750000000000014,3.7750000000000004,-0.0892857142857082
2022,52,30.32857142857143,19.085714285714285,24.74285714285714,4.699999999999999,52.357142857142854,24.74285714285714,7,2022-12-26,-0.024285714285717575,0.6399999999999997,-4.607142857142854
2023,1,31.957142857142856,20.414285714285715,25.7,0.1,50.357142857142854,25.75826992631143,7,2023-01-02,-0.3371428571428581,-5.200000000000001,-2.8380952380952422
2023,2,31.74285714285714,21.2,25.900000000000002,5.4,54.642857142857146,25.85178111354122,7,2023-01-09,-0.5785714285714292,2.575,1.0714285714285765
2023,3,33.32857142857143,23.52857142857143,27.74285714285714,10.0,58.285714285714285,28.481467499474377,7,2023-01-16,2.2535714285714263,-18.85,-8.035714285714285
2023,4,32.41428571428571,22.685714285714287,27.014285714285712,1.3,61.642857142857146,27.797635042748027,7,2023-01-23,1.6321428571428562,-6.5,1.0535714285714306
2023,5,29.228571428571428,20.47142857142857,24.514285714285712,9.3,65.57142857142857,24.514285714285712,7,2023-01-30,-0.9428571428571431,-3.4749999999999996,4.589285714285708
2023,6,36.48571428571429,24.52857142857143,29.942857142857147,0.3,51.142857142857146,31.20204174437839,7,2023-02-06,3.6607142857142883,-36.6,-9.303571428571423
2023,7,26.514285714285712,15.457142857142857,21.071428571428573,9.700000000000001,58.07142857142857,21.268123489530858,7,2023-02-13,-2.1178571428571438,-4.075000000000001,-2.1785714285714306
2023,8,30.742857142857144,19.414285714285715,24.62857142857143,1.3,58.0,24.62857142857143,7,2023-02-20,0.125,-25.875,-6.125
2023,9,34.92857142857143,23.12857142857143,28.32857142857143,0.4,54.57142857142857,29.397642724387204,7,2023-02-27,3.2142857142857153,-20.675,-12.07142857142857
2023,10,34.857142857142854,25.114285714285717,29.085714285714285,0.0,57.642857142857146,30.704745390336004,7,2023-03-06,4.714285714285715,-32.05,-5.660714285714285
2023,11,32.385714285714286,24.599999999999998,27.771428571428572,17.0,68.5,29.248302784053056,7,2023-03-13,5.085714285714285,-34.15,1.0714285714285694
2023,12,26.085714285714285,19.442857142857143,22.485714285714288,43.199999999999996,64.57142857142857,22.485714285714288,7,2023-03-20,0.8750000000000036,15.849999999999998,-4.892857142857139
2023,13,24.214285714285715,15.157142857142857,19.814285714285713,6.300000000000001,64.78571428571429,19.814285714285713,7,2023-03-27,-0.39285714285714235,-9.024999999999999,-0.5535714285714306
2023,14,24.557142857142857,17.357142857142858,20.442857142857143,4.5,69.64285714285714,20.442857142857143,7,2023-04-03,1.6535714285714285,-3.5,3.642857142857139
2023,15,22.142857142857142,13.914285714285715,17.7,8.7,64.85714285714286,17.7,7,2023-04-10,-0.3249999999999993,-12.525000000000002,-4.660714285714278
2023,16,20.657142857142855,11.114285714285714,15.571428571428571,4.4,67.35714285714286,15.571428571428571,7,2023-04-17,-1.8499999999999996,-13.85,0.3928571428571388
2023,17,24.657142857142855,15.971428571428572,19.928571428571427,12.7,74.42857142857143,19.928571428571427,7,2023-04-24,2.6964285714285694,-14.3,4.910714285714292
2023,18,19.74285714285714,11.2,15.257142857142856,28.3,71.85714285714286,15.257142857142856,7,2023-05-01,-0.5250000000000021,18.950000000000003,2.142857142857153
2023,19,20.157142857142855,10.685714285714285,15.014285714285714,0.0,70.28571428571429,15.014285714285714,7,2023-05-08,-0.31071428571428505,-9.275,-1.375
2023,20,20.957142857142856,13.62857142857143,16.885714285714286,34.4,74.21428571428571,16.885714285714286,7,2023-05-15,2.5285714285714285,7.649999999999999,4.035714285714278
2023,21,18.97142857142857,13.857142857142858,16.614285714285714,107.80000000000001,77.85714285714286,16.614285714285714,7,2023-05-22,3.8964285714285705,74.875,3.4464285714285836
2023,22,19.571428571428573,12.257142857142856,15.728571428571428,2.3000000000000003,75.14285714285714,15.728571428571428,7,2023-05-29,3.689285714285715,-3.6,3.392857142857139
2023,23,17.742857142857144,10.12857142857143,14.157142857142857,1.1,67.57142857142857,14.157142857142857,7,2023-06-05,1.4571428571428573,-0.47499999999999987,-1.267857142857153
2023,24,13.685714285714285,3.6285714285714286,8.142857142857142,0.0,66.28571428571429,8.142857142857142,7,2023-06-12,-3.5,-5.475,-3.089285714285708
2023,25,15.042857142857143,8.742857142857144,11.571428571428571,0.5,84.14285714285714,11.571428571428571,7,2023-06-19,0.2964285714285708,-1.6999999999999997,7.482142857142847
2023,26,16.47142857142857,8.985714285714286,12.200000000000001,0.2,72.78571428571429,12.200000000000001,7,2023-06-26,2.5357142857142865,-1.6249999999999998,7.767857142857153
2023,27,17.87142857142857,12.37142857142857,14.885714285714284,22.5,77.21428571428571,14.885714285714284,7,2023-07-03,4.546428571428571,14.3,6.714285714285708
2023,28,12.071428571428571,6.928571428571429,9.271428571428572,36.0,74.64285714285714,9.271428571428572,7,2023-07-10,0.014285714285716011,26.475,4.428571428571431
2023,29,16.742857142857144,7.542857142857143,12.142857142857142,2.8,69.14285714285714,12.142857142857142,7,2023-07-17,0.2535714285714281,-6.825,-5.803571428571431
2023,30,15.228571428571428,8.085714285714285,11.428571428571429,0.30000000000000004,73.42857142857143,11.428571428571429,7,2023-07-24,-0.8000000000000007,-3.425,-1.0535714285714306
2023,31,21.12857142857143,11.114285714285714,15.485714285714286,0.0,69.0,15.485714285714286,7,2023-07-31,1.6714285714285708,-12.100000000000001,1.5714285714285694
2023,32,15.428571428571429,7.314285714285715,11.142857142857142,0.1,63.357142857142854,11.142857142857142,7,2023-08-07,0.07499999999999929,-2.8,-5.000000000000007
2023,33,19.099999999999998,10.528571428571428,14.571428571428571,58.199999999999996,62.714285714285715,14.571428571428571,7,2023-08-14,2.432142857142857,42.849999999999994,0.9107142857142847
2023,34,15.87142857142857,7.828571428571428,11.728571428571428,23.2,60.42857142857143,11.728571428571428,7,2023-08-21,-0.5392857142857146,-9.075,-7.803571428571431
2023,35,17.685714285714287,9.314285714285715,13.314285714285715,29.5,63.142857142857146,13.314285714285715,7,2023-08-28,-0.06785714285714128,0.6500000000000021,-4.8214285714285765
2023,36,16.37142857142857,9.057142857142857,12.514285714285714,4.6,69.28571428571429,12.514285714285714,7,2023-09-04,-0.3249999999999993,-6.700000000000001,5.642857142857146
2023,37,21.042857142857144,11.357142857142858,15.885714285714286,25.6,59.5,15.885714285714286,7,2023-09-11,0.4178571428571427,19.175,-3.1964285714285765
2023,38,17.428571428571427,11.799999999999999,14.385714285714286,0.0,77.57142857142857,14.385714285714286,7,2023-09-18,-1.9249999999999972,-11.925,9.07142857142857
2023,39,18.75714285714286,9.657142857142857,14.085714285714285,0.0,64.57142857142857,14.085714285714285,7,2023-09-25,-1.4821428571428577,-3.425,2.6607142857142847
2023,40,22.642857142857142,11.514285714285714,16.814285714285713,3.9000000000000004,54.785714285714285,16.814285714285713,7,2023-10-02,-0.571428571428573,-2.825,-3.9285714285714306
2023,41,22.457142857142856,11.37142857142857,16.785714285714285,4.9,56.642857142857146,16.785714285714285,7,2023-10-09,-0.18928571428571672,-0.10000000000000053,-3.5357142857142847
2023,42,22.728571428571428,14.314285714285713,18.185714285714287,4.6000000000000005,68.85714285714286,18.185714285714287,7,2023-10-16,-0.4107142857142847,-2.0250000000000004,1.0357142857142918
2023,43,23.071428571428573,15.0,18.985714285714288,31.0,68.35714285714286,18.985714285714288,7,2023-10-23,-0.8642857142857139,-0.02499999999999858,3.5714285714285836
2023,44,19.0,11.62857142857143,15.471428571428572,58.3,70.85714285714286,15.471428571428572,7,2023-10-30,-2.5749999999999993,41.65,9.035714285714292
2023,45,25.914285714285715,16.7,21.085714285714285,34.8,62.5,21.085714285714285,7,2023-11-06,1.0142857142857125,6.4999999999999964,-1.267857142857146
2023,46,25.385714285714283,14.928571428571429,20.157142857142855,8.2,56.857142857142854,20.157142857142855,7,2023-11-13,-1.692857142857143,-12.25,-1.482142857142854
2023,47,28.185714285714287,16.8,22.414285714285715,4.9,54.785714285714285,22.414285714285715,7,2023-11-20,1.2678571428571423,-3.3499999999999996,-5.160714285714285
2023,48,28.142857142857142,19.171428571428574,23.414285714285715,19.1,67.92857142857143,23.414285714285715,7,2023-11-27,0.4535714285714292,-6.024999999999999,-0.0714285714285694
2023,49,24.085714285714285,16.82857142857143,20.314285714285713,20.200000000000003,70.92857142857143,20.314285714285713,7,2023-12-04,-2.892857142857146,5.6250000000000036,10.5
2023,50,30.62857142857143,22.057142857142857,26.057142857142857,51.8,70.14285714285714,26.675282568242526,7,2023-12-11,2.125,32.974999999999994,8.142857142857139
2023,51,26.685714285714287,17.914285714285715,22.057142857142857,8.4,68.57142857142857,22.057142857142857,7,2023-12-18,-1.0392857142857146,0.9749999999999996,7.553571428571431
2023,52,27.12857142857143,18.085714285714285,22.67142857142857,11.7,59.714285714285715,22.67142857142857,7,2023-12-25,-2.095714285714287,7.64,2.750000000000007
2024,1,29.157142857142855,21.24285714285714,24.785714285714285,15.600000000000001,66.5,24.785714285714285,7,2024-01-01,-1.2514285714285727,10.3,13.304761904761904
2024,2,30.685714285714287,20.599999999999998,25.400000000000002,1.1,60.285714285714285,25.560384003942975,7,2024-01-08,-1.0785714285714292,-1.725,6.714285714285715
2024,3,28.357142857142858,19.32857142857143,23.728571428571428,19.5,65.57142857142857,23.728571428571428,7,2024-01-15,-1.7607142857142861,-9.350000000000001,-0.75
2024,4,29.085714285714285,21.3,24.97142857142857,0.0,58.214285714285715,24.97142857142857,7,2024-01-22,-0.4107142857142847,-7.8,-2.375
2024,5,34.32857142857143,23.74285714285714,28.514285714285712,0.0,55.42857142857143,29.801085378696392,7,2024-01-29,3.057142857142857,-12.775,-5.553571428571431
2024,6,33.15714285714286,24.52857142857143,27.97142857142857,46.2,69.5,29.710025700738814,7,2024-02-05,1.6892857142857132,9.300000000000004,9.05357142857143
2024,7,26.685714285714287,19.5,23.057142857142857,16.6,65.92857142857143,23.057142857142857,7,2024-02-12,-0.13214285714285978,2.8249999999999993,5.678571428571431
2024,8,28.771428571428572,21.428571428571427,24.842857142857145,2.9,68.14285714285714,24.842857142857145,7,2024-02-19,0.3392857142857153,-24.275000000000002,4.017857142857139
2024,9,28.157142857142855,20.957142857142856,24.12857142857143,42.5,71.64285714285714,24.12857142857143,7,2024-02-26,-0.985714285714284,21.425,5.0
2024,10,27.542857142857144,18.74285714285714,22.957142857142856,28.6,63.142857142857146,22.957142857142856,7,2024-03-04,-1.4142857142857146,-3.4499999999999957,-0.1607142857142847
2024,11,26.314285714285713,21.785714285714285,23.785714285714285,179.3,81.0,23.785714285714285,7,2024-03-11,1.0999999999999979,128.15,13.57142857142857
2024,12,25.585714285714285,18.085714285714285,21.7,24.9,71.64285714285714,21.7,7,2024-03-18,0.0892857142857153,-2.4499999999999993,2.1785714285714306
2024,13,27.12857142857143,18.414285714285715,22.271428571428572,1.8,68.21428571428571,22.271428571428572,7,2024-03-25,2.0642857142857167,-13.524999999999999,2.874999999999986
2024,14,23.085714285714285,15.057142857142859,18.97142857142857,22.4,71.71428571428571,18.97142857142857,7,2024-04-01,0.18214285714285694,14.399999999999999,5.714285714285708
2024,15,21.185714285714287,15.271428571428572,18.228571428571428,39.2,75.5,18.228571428571428,7,2024-04-08,0.20357142857142918,17.975,5.982142857142861
2024,16,23.842857142857145,15.785714285714286,19.585714285714285,42.8,73.0,19.585714285714285,7,2024-04-15,2.1642857142857146,24.549999999999997,6.035714285714278
2024,17,19.571428571428573,12.857142857142858,16.2,25.3,71.35714285714286,16.2,7,2024-04-22,-1.0321428571428584,-1.6999999999999993,1.8392857142857224
2024,18,18.97142857142857,12.014285714285714,15.4,4.6,72.71428571428571,15.4,7,2024-04-29,-0.382142857142858,-4.75,3.0
2024,19,17.214285714285715,11.142857142857142,14.142857142857142,7.3999999999999995,76.35714285714286,14.142857142857142,7,2024-05-06,-1.182142857142857,-1.8750000000000009,4.696428571428569
2024,20,14.514285714285714,4.785714285714286,9.4,0.0,67.92857142857143,9.4,7,2024-05-13,-4.957142857142857,-26.75,-2.25
2024,21,13.514285714285714,6.357142857142857,9.842857142857143,0.4,73.21428571428571,9.842857142857143,7,2024-05-20,-2.875,-32.525000000000006,-1.1964285714285694
2024,22,15.885714285714286,9.700000000000001,12.442857142857141,1.7000000000000002,77.35714285714286,12.442857142857141,7,2024-05-27,0.40357142857142847,-4.2,5.607142857142861
2024,23,18.057142857142857,11.928571428571429,14.742857142857144,5.2,78.42857142857143,14.742857142857144,7,2024-06-03,2.0428571428571445,3.625,9.589285714285708
2024,24,20.271428571428572,13.814285714285715,16.7,8.2,73.14285714285714,16.7,7,2024-06-10,5.057142857142857,2.7249999999999996,3.767857142857139
2024,25,17.114285714285714,11.457142857142857,14.357142857142858,6.1,81.28571428571429,14.357142857142858,7,2024-06-17,3.0821428571428573,3.9,4.625
2024,26,12.728571428571428,4.6000000000000005,8.385714285714286,1.0,65.92857142857143,8.385714285714286,7,2024-06-24,-1.2785714285714285,-0.8249999999999997,0.9107142857142918
2024,27,13.299999999999999,3.2857142857142856,7.814285714285715,0.0,59.57142857142857,7.814285714285715,7,2024-07-01,-2.5249999999999986,-8.2,-10.92857142857143
2024,28,11.12857142857143,-0.7285714285714286,4.8,0.0,63.42857142857143,4.8,7,2024-07-08,-4.457142857142856,-9.524999999999999,-6.785714285714278
2024,29,15.128571428571428,8.028571428571428,11.142857142857142,2.0,77.92857142857143,11.142857142857142,7,2024-07-15,-0.7464285714285719,-7.625,2.982142857142861
2024,30,17.62857142857143,8.685714285714285,12.785714285714286,4.6,70.21428571428571,12.785714285714286,7,2024-07-22,0.5571428571428569,0.875,-4.267857142857153
2024,31,19.02857142857143,10.585714285714285,14.314285714285713,24.5,65.28571428571429,14.314285714285713,7,2024-07-29,0.4999999999999982,12.399999999999999,-2.142857142857139
2024,32,14.314285714285715,7.8428571428571425,10.914285714285715,6.7,72.85714285714286,10.914285714285715,7,2024-08-05,-0.15357142857142847,3.8000000000000003,4.5
2024,33,16.714285714285715,7.428571428571429,11.62857142857143,0.6,68.42857142857143,11.62857142857143,7,2024-08-12,-0.5107142857142843,-14.749999999999998,6.625
2024,34,12.314285714285715,6.028571428571429,9.285714285714286,8.9,76.92857142857143,9.285714285714286,7,2024-08-19,-2.982142857142856,-23.375,8.69642857142857
2024,35,15.542857142857143,8.585714285714285,11.62857142857143,65.39999999999999,76.85714285714286,11.62857142857143,7,2024-08-26,-1.7535714285714263,36.55,8.892857142857139
2024,36,19.957142857142856,9.885714285714286,14.571428571428571,0.0,59.142857142857146,14.571428571428571,7,2024-09-02,1.7321428571428577,-11.3,-4.5
2024,37,18.900000000000002,10.471428571428572,14.557142857142859,0.0,66.78571428571429,14.557142857142859,7,2024-09-09,-0.9107142857142847,-6.425000000000001,4.089285714285715
2024,38,24.385714285714283,14.028571428571428,18.928571428571427,13.399999999999999,63.214285714285715,18.928571428571427,7,2024-09-16,2.6178571428571438,1.4749999999999979,-5.285714285714285
2024,39,22.099999999999998,12.414285714285715,16.9,0.0,65.0,16.9,7,2024-09-23,1.3321428571428555,-3.425,3.0892857142857153
2024,40,23.0,12.942857142857141,17.62857142857143,2.9,60.714285714285715,17.62857142857143,7,2024-09-30,0.24285714285714377,-3.8250000000000006,2.0
2024,41,22.442857142857143,14.528571428571428,18.142857142857142,11.200000000000001,72.35714285714286,18.142857142857142,7,2024-10-07,1.167857142857141,6.2,12.17857142857143
2024,42,25.97142857142857,16.1,20.7,0.7,70.21428571428571,20.7,7,2024-10-14,2.1035714285714278,-5.925000000000001,2.392857142857139
2024,43,25.057142857142857,15.842857142857143,20.25714285714286,32.300000000000004,70.92857142857143,20.25714285714286,7,2024-10-21,0.40714285714285836,1.2750000000000057,6.142857142857153
2024,44,28.185714285714287,18.428571428571427,23.2,4.6,64.64285714285714,23.2,7,2024-10-28,5.1535714285714285,-12.049999999999999,2.8214285714285694
2024,45,25.542857142857144,15.799999999999999,20.771428571428572,37.1,64.92857142857143,20.771428571428572,7,2024-11-04,0.6999999999999993,8.8,1.1607142857142847
2024,46,27.52857142857143,15.714285714285714,21.24285714285714,24.700000000000003,58.57142857142857,21.24285714285714,7,2024-11-11,-0.6071428571428577,4.2500000000000036,0.2321428571428612
2024,47,25.900000000000002,17.45714285714286,21.37142857142857,4.3999999999999995,64.5,21.37142857142857,7,2024-11-18,0.22499999999999787,-3.8500000000000005,4.553571428571431
2024,48,26.3,19.542857142857144,22.571428571428573,42.3,72.71428571428571,22.571428571428573,7,2024-11-25,-0.38928571428571246,17.174999999999997,4.714285714285708
2024,49,25.357142857142858,13.685714285714285,19.75714285714286,12.3,53.357142857142854,19.75714285714286,7,2024-12-02,-3.4499999999999993,-2.2749999999999986,-7.0714285714285765
2024,50,28.32857142857143,18.142857142857142,23.099999999999998,0.7,59.92857142857143,23.099999999999998,7,2024-12-09,-0.8321428571428591,-18.125,-2.0714285714285694
2024,51,27.87142857142857,18.085714285714285,22.771428571428572,3.3,56.285714285714285,22.771428571428572,7,2024-12-16,-0.3249999999999993,-4.125000000000001,-4.732142857142854
2024,52,27.428571428571427,17.014285714285712,21.928571428571427,1.9,59.57142857142857,21.928571428571427,7,2024-12-23,-2.8385714285714307,-2.1599999999999997,2.607142857142861
2025,1,29.685714285714287,19.071428571428573,23.885714285714283,9.4,58.57142857142857,23.885714285714283,7,2024-12-30,-2.151428571428575,4.1,5.376190476190473
2025,2,29.82857142857143,20.771428571428572,24.75714285714286,0.0,56.214285714285715,24.75714285714286,7,2025-01-06,-1.7214285714285715,-2.825,2.642857142857146
2025,3,31.414285714285715,22.428571428571427,26.428571428571427,19.4,59.714285714285715,26.755904188767026,7,2025-01-13,0.9392857142857132,-9.450000000000003,-6.607142857142854
2025,4,31.857142857142858,21.942857142857143,26.75714285714286,4.7,57.42857142857143,27.44249799627911,7,2025-01-20,1.3750000000000036,-3.0999999999999996,-3.1607142857142847
2025,5,31.41428571428571,22.37142857142857,26.542857142857144,4.2,61.92857142857143,26.803754098271106,7,2025-01-27,1.085714285714289,-8.575,0.9464285714285694
2025,6,30.900000000000002,21.914285714285715,26.185714285714287,95.69999999999999,66.07142857142857,26.599100045829182,7,2025-02-03,-0.09642857142857153,58.79999999999999,5.625
2025,7,30.542857142857144,20.885714285714283,24.842857142857145,22.8,66.42857142857143,25.300093264166225,7,2025-02-10,1.6535714285714285,9.024999999999999,6.178571428571431
2025,8,31.25714285714286,20.25714285714286,25.342857142857145,1.3,62.785714285714285,26.53250229073159,7,2025-02-17,0.8392857142857153,-25.875,-1.3392857142857153
2025,9,28.0,22.957142857142856,25.12857142857143,40.0,79.35714285714286,25.12857142857143,7,2025-02-24,0.014285714285716011,18.925,12.714285714285722
2025,10,30.357142857142858,21.8,25.5,86.7,73.78571428571429,27.638315819143276,7,2025-03-03,1.12857142857143,54.650000000000006,10.482142857142861
2025,11,22.814285714285713,15.028571428571427,18.685714285714287,3.5999999999999996,66.85714285714286,18.685714285714287,7,2025-03-10,-4.0,-47.55,-0.5714285714285694
2025,12,29.042857142857144,20.228571428571428,24.24285714285714,24.9,68.07142857142857,24.24285714285714,7,2025-03-17,2.6321428571428562,-2.4499999999999993,-1.3928571428571388
2025,13,26.542857142857144,17.914285714285715,21.74285714285714,51.5,74.14285714285714,21.74285714285714,7,2025-03-24,1.5357142857142847,36.175,8.803571428571416
2025,14,20.642857142857142,10.785714285714286,15.757142857142856,5.1,65.07142857142857,15.757142857142856,7,2025-03-31,-3.0321428571428584,-2.9000000000000004,-0.9285714285714306
2025,15,22.614285714285717,16.557142857142857,19.32857142857143,22.9,76.28571428571429,19.32857142857143,7,2025-04-07,1.3035714285714306,1.6749999999999972,6.767857142857153
2025,16,20.714285714285715,12.285714285714286,16.1,23.900000000000002,71.57142857142857,16.1,7,2025-04-14,-1.3214285714285694,5.650000000000002,4.607142857142847
2025,17,23.428571428571427,14.171428571428573,18.357142857142858,25.4,66.5,18.357142857142858,7,2025-04-21,1.125,-1.6000000000000014,-3.017857142857139
2025,18,23.457142857142856,13.042857142857143,17.685714285714287,4.5,65.14285714285714,17.685714285714287,7,2025-04-28,1.9035714285714285,-4.85,-4.571428571428569
2025,19,21.599999999999998,15.271428571428572,17.985714285714288,29.7,77.57142857142857,17.985714285714288,7,2025-05-05,2.6607142857142883,20.424999999999997,5.910714285714278
2025,20,21.900000000000002,15.642857142857142,18.47142857142857,72.4,78.0,18.47142857142857,7,2025-05-12,4.114285714285714,45.650000000000006,7.821428571428569
2025,21,16.285714285714285,9.314285714285715,12.642857142857142,0.1,74.64285714285714,12.642857142857142,7,2025-05-19,-0.07500000000000107,-32.825,0.2321428571428612
2025,22,15.685714285714285,7.514285714285714,11.228571428571428,19.6,71.07142857142857,11.228571428571428,7,2025-05-26,-0.810714285714285,13.700000000000001,-0.6785714285714306
2025,23,16.985714285714288,6.8999999999999995,11.171428571428573,0.0,73.35714285714286,11.171428571428573,7,2025-06-02,-1.5285714285714267,-1.575,4.517857142857139
2025,24,14.328571428571427,6.885714285714286,10.314285714285715,13.7,77.35714285714286,10.314285714285715,7,2025-06-09,-1.3285714285714274,8.225,7.982142857142861
2025,25,15.5,5.6571428571428575,10.214285714285714,1.6,75.92857142857143,10.214285714285714,7,2025-06-16,-1.0607142857142868,-0.5999999999999996,-0.7321428571428612
2025,26,12.742857142857144,2.442857142857143,7.1571428571428575,0.4,58.714285714285715,7.1571428571428575,7,2025-06-23,-2.507142857142857,-1.4249999999999998,-6.3035714285714235
2025,27,12.057142857142859,2.3000000000000003,6.442857142857143,0.0,70.92857142857143,6.442857142857143,7,2025-06-30,-3.8964285714285705,-8.2,0.4285714285714306
2025,28,17.62857142857143,9.071428571428571,12.514285714285714,1.8,77.07142857142857,12.514285714285714,7,2025-07-07,3.257142857142858,-7.724999999999999,6.857142857142861
2025,29,16.914285714285715,7.942857142857143,11.914285714285715,28.3,77.57142857142857,11.914285714285715,7,2025-07-14,0.025000000000000355,18.675,2.625
2025,30,13.971428571428572,7.457142857142857,10.62857142857143,3.0,78.42857142857143,10.62857142857143,7,2025-07-21,-1.5999999999999996,-0.7249999999999996,3.9464285714285694
2025,31,17.7,10.0,13.4,23.900000000000002,68.5,13.4,7,2025-07-28,-0.4142857142857146,11.8,1.0714285714285694
2025,32,14.928571428571429,5.071428571428571,9.62857142857143,0.0,67.07142857142857,9.62857142857143,7,2025-08-04,-1.4392857142857132,-2.9,-1.2857142857142918
2025,33,15.200000000000001,7.0857142857142845,10.857142857142858,0.3,70.21428571428571,10.857142857142858,7,2025-08-11,-1.2821428571428566,-15.049999999999997,8.410714285714278
2025,34,17.242857142857144,10.071428571428571,13.471428571428572,87.99999999999999,70.35714285714286,13.471428571428572,7,2025-08-18,1.2035714285714292,55.72499999999999,2.125
2025,35,21.12857142857143,11.914285714285715,16.014285714285712,14.0,71.5,16.014285714285712,7,2025-08-25,2.6321428571428562,-14.849999999999998,3.5357142857142776
2025,36,15.0,5.914285714285714,10.257142857142856,39.7,70.28571428571429,10.257142857142856,7,2025-09-01,-2.5821428571428573,28.400000000000002,6.642857142857146
2025,37,21.74285714285714,9.985714285714286,15.5,0.1,64.85714285714286,15.5,7,2025-09-08,0.032142857142856585,-6.325000000000001,2.1607142857142847
2025,38,20.74285714285714,13.771428571428572,16.928571428571427,32.5,79.85714285714286,16.928571428571427,7,2025-09-15,0.6178571428571438,20.575,11.357142857142861
2025,39,19.557142857142857,9.942857142857141,14.542857142857143,12.1,66.57142857142857,14.542857142857143,7,2025-09-22,-1.0250000000000004,8.675,4.660714285714285
2025,40,24.614285714285717,13.700000000000001,19.085714285714285,18.6,68.85714285714286,19.085714285714285,7,2025-09-29,1.6999999999999993,11.875,10.142857142857146
2025,41,23.585714285714285,12.157142857142857,17.614285714285714,2.2,61.92857142857143,17.614285714285714,7,2025-10-06,0.6392857142857125,-2.8000000000000007,1.75
2025,42,24.385714285714283,13.62857142857143,18.900000000000002,0.6,63.357142857142854,18.900000000000002,7,2025-10-13,0.3035714285714306,-6.025000000000001,-4.464285714285715
2025,43,25.47142857142857,15.414285714285715,20.099999999999998,47.699999999999996,64.07142857142857,20.099999999999998,7,2025-10-20,0.24999999999999645,16.674999999999997,-0.7142857142857082
2025,44,20.557142857142857,11.942857142857141,16.1,3.7,66.07142857142857,16.1,7,2025-10-27,-1.9464285714285694,-12.95,4.25
2025,45,21.614285714285717,13.642857142857142,17.485714285714288,19.2,71.85714285714286,17.485714285714288,7,2025-11-03,-2.5857142857142854,-9.100000000000001,8.089285714285715
2025,46,28.52857142857143,14.72857142857143,21.885714285714283,38.4,60.57142857142857,21.885714285714283,7,2025-11-10,0.0357142857142847,17.95,2.232142857142861
2025,47,23.542857142857144,13.228571428571428,18.228571428571428,22.4,61.57142857142857,18.228571428571428,7,2025-11-17,-2.9178571428571445,14.149999999999999,1.625
2025,48,26.32857142857143,17.314285714285713,21.814285714285713,11.6,69.64285714285714,21.814285714285713,7,2025-11-24,-1.1464285714285722,-13.525,1.6428571428571388
2025,49,29.87142857142857,18.942857142857143,24.214285714285715,9.2,62.785714285714285,24.383031899698672,7,2025-12-01,1.0071428571428562,-5.375,2.357142857142854
2025,50,29.099999999999998,18.842857142857145,23.685714285714287,19.299999999999997,67.28571428571429,23.685714285714287,7,2025-12-08,-0.2464285714285701,0.47499999999999787,5.285714285714292
2025,51,29.357142857142858,18.185714285714287,23.985714285714288,6.8,58.285714285714285,24.028206181015545,7,2025-12-15,0.889285714285716,-0.6250000000000009,-2.732142857142854
2025,52,33.22857142857143,21.228571428571428,27.042857142857144,1.1,58.92857142857143,27.616220522343855,7,2025-12-22,2.2757142857142867,-2.9599999999999995,1.9642857142857224
2026,1,37.699999999999996,22.766666666666666,30.2,0.1,47.833333333333336,30.994747151467674,3,2025-12-29,4.162857142857142,-5.200000000000001,-5.361904761904761
