temp_max,temp_min,temp_mean,precipitation,humidity_max,humidity_min,date
31.2,23.0,26.8,0.1,74,29,2022-01-01
34.4,21.1,28.1,0.8,84,30,2022-01-02
38.3,22.9,30.2,0.9,76,22,2022-01-03
36.3,22.9,29.2,0.4,57,18,2022-01-04
27.7,16.4,21.7,0.0,54,21,2022-01-05
28.3,18.3,22.9,0.0,57,21,2022-01-06
28.9,20.2,24.3,0.0,66,28,2022-01-07
30.2,21.3,25.1,0.0,67,26,2022-01-08
32.2,20.7,25.9,0.0,65,20,2022-01-09
34.5,22.0,28.0,0.0,73,17,2022-01-10
40.2,23.0,31.4,0.0,61,15,2022-01-11
32.4,21.9,26.5,0.0,61,29,2022-01-12
38.2,22.8,29.3,0.0,61,8,2022-01-13
41.5,24.3,32.8,0.0,64,12,2022-01-14
39.0,27.6,32.4,1.6,63,22,2022-01-15
34.9,23.3,28.6,3.2,83,35,2022-01-16
24.0,20.3,21.8,18.1,97,79,2022-01-17
22.9,20.7,21.6,21.0,95,87,2022-01-18
26.4,21.3,23.3,4.9,97,75,2022-01-19
29.7,22.1,25.3,1.3,93,58,2022-01-20
34.4,24.0,27.6,10.2,94,48,2022-01-21
29.9,22.9,25.1,0.3,94,65,2022-01-22
27.6,20.4,23.7,10.7,97,65,2022-01-23
29.9,22.0,25.8,0.0,91,55,2022-01-24
31.1,23.1,25.3,15.2,95,64,2022-01-25
27.3,17.0,22.8,10.0,96,63,2022-01-26
23.3,13.5,18.2,0.0,74,40,2022-01-27
24.5,16.3,20.3,0.0,75,32,2022-01-28
27.7,18.2,22.7,0.0,79,39,2022-01-29
28.8,20.2,24.4,0.0,71,37,2022-01-30
26.8,16.8,22.4,0.0,80,20,2022-01-31
28.9,17.8,23.1,0.0,61,24,2022-02-01
33.6,21.7,26.8,0.3,65,23,2022-02-02
26.9,19.6,22.8,27.4,98,61,2022-02-03
29.4,19.9,23.7,2.4,94,46,2022-02-04
22.6,16.4,19.4,7.5,95,59,2022-02-05
21.6,13.4,17.6,0.0,87,41,2022-02-06
24.8,14.6,19.5,0.0,87,38,2022-02-07
24.7,16.1,20.4,0.0,79,42,2022-02-08
27.2,17.9,22.1,0.0,76,35,2022-02-09
30.3,20.1,24.5,0.0,66,28,2022-02-10
30.4,17.5,23.2,0.3,72,33,2022-02-11
23.2,13.1,17.4,5.1,94,40,2022-02-12
26.6,13.7,20.1,0.0,58,23,2022-02-13
30.8,16.8,23.7,0.0,54,21,2022-02-14
32.6,19.5,25.9,0.0,54,24,2022-02-15
36.2,21.5,28.3,0.0,52,18,2022-02-16
26.8,17.6,21.7,0.0,68,41,2022-02-17
27.4,16.4,21.5,0.0,75,37,2022-02-18
29.8,19.7,23.9,0.0,81,32,2022-02-19
26.2,18.5,21.5,6.0,96,55,2022-02-20
28.0,16.7,22.1,0.0,84,38,2022-02-21
29.2,18.3,23.4,0.0,76,33,2022-02-22
26.6,18.7,22.7,0.0,79,46,2022-02-23
24.9,20.1,21.7,4.5,92,68,2022-02-24
30.5,17.1,23.8,0.0,89,22,2022-02-25
32.7,21.7,25.6,52.0,96,45,2022-02-26
26.4,21.7,23.1,46.7,99,79,2022-02-27
27.0,17.2,22.1,0.0,98,30,2022-02-28
26.4,14.8,20.5,0.0,65,37,2022-03-01
29.2,17.6,23.0,0.0,61,31,2022-03-02
25.7,18.8,21.9,0.0,78,48,2022-03-03
30.6,20.3,25.0,0.3,81,40,2022-03-04
28.8,21.5,24.3,0.9,91,50,2022-03-05
28.3,19.0,23.3,0.2,96,48,2022-03-06
27.2,18.0,22.7,10.0,98,34,2022-03-07
26.3,16.0,21.5,0.0,69,25,2022-03-08
21.1,17.2,19.0,2.5,91,63,2022-03-09
24.5,15.7,19.6,0.4,85,49,2022-03-10
24.6,14.3,19.3,0.0,62,33,2022-03-11
23.5,13.2,18.2,0.0,69,36,2022-03-12
24.2,14.9,19.3,0.0,73,34,2022-03-13
28.8,15.2,21.7,0.0,62,31,2022-03-14
30.0,18.0,23.9,0.0,75,36,2022-03-15
28.9,19.4,24.1,0.0,71,30,2022-03-16
30.8,19.7,24.7,0.0,83,31,2022-03-17
21.0,14.0,16.7,4.7,94,43,2022-03-18
21.3,10.1,15.5,0.0,60,20,2022-03-19
20.1,13.9,16.9,0.0,68,43,2022-03-20
22.5,15.1,18.7,0.0,66,42,2022-03-21
24.2,18.5,20.7,0.0,88,59,2022-03-22
25.6,18.7,21.5,3.3,97,60,2022-03-23
20.8,9.7,14.5,8.2,97,55,2022-03-24
16.4,8.8,13.2,4.7,99,80,2022-03-25
22.7,15.6,17.9,0.2,98,58,2022-03-26
26.3,14.2,19.6,0.0,93,38,2022-03-27
26.8,16.0,21.0,0.0,73,37,2022-03-28
29.1,16.0,20.7,0.9,86,27,2022-03-29
17.5,9.6,13.5,0.0,58,28,2022-03-30
19.1,8.6,13.6,0.0,65,28,2022-03-31
19.1,10.2,14.8,0.0,67,34,2022-04-01
21.2,13.1,17.2,0.0,74,38,2022-04-02
24.2,15.6,18.2,0.8,95,49,2022-04-03
22.9,10.0,16.1,0.0,53,14,2022-04-04
24.4,12.0,17.9,0.0,47,22,2022-04-05
26.5,14.4,20.2,0.0,86,42,2022-04-06
27.6,17.7,21.9,0.0,86,42,2022-04-07
25.1,16.8,20.9,0.0,96,50,2022-04-08
25.6,16.8,21.0,0.0,92,43,2022-04-09
27.0,18.1,21.9,0.0,87,46,2022-04-10
23.2,15.8,19.7,14.0,98,66,2022-04-11
22.2,12.4,17.1,0.0,82,28,2022-04-12
19.5,10.2,14.7,0.0,72,30,2022-04-13
20.5,10.1,14.9,0.0,68,29,2022-04-14
19.2,12.7,15.9,0.0,82,42,2022-04-15
21.6,13.9,17.6,0.0,81,47,2022-04-16
20.8,15.1,18.0,0.1,85,50,2022-04-17
21.6,16.2,18.6,0.9,87,51,2022-04-18
24.3,15.5,19.7,0.0,82,41,2022-04-19
25.8,16.4,20.9,0.2,82,38,2022-04-20
22.5,14.1,18.2,0.0,81,23,2022-04-21
19.5,13.6,15.9,0.8,80,29,2022-04-22
23.6,10.3,16.5,0.0,60,27,2022-04-23
24.5,14.4,19.2,0.0,70,32,2022-04-24
22.9,17.2,19.5,19.3,100,61,2022-04-25
21.0,17.1,19.4,10.8,99,87,2022-04-26
21.2,13.6,17.0,14.5,98,38,2022-04-27
15.9,9.2,12.5,0.0,68,33,2022-04-28
13.9,5.9,9.6,0.0,61,31,2022-04-29
14.0,7.9,10.7,0.0,71,57,2022-04-30
17.1,8.4,12.4,0.0,75,42,2022-05-01
15.6,8.4,11.6,0.0,85,55,2022-05-02
16.5,7.8,11.8,0.0,78,52,2022-05-03
17.9,9.2,13.3,0.0,79,43,2022-05-04
19.4,10.6,14.6,0.0,87,50,2022-05-05
22.4,12.3,16.7,0.0,97,54,2022-05-06
22.1,14.1,17.7,0.0,94,55,2022-05-07
22.8,14.4,17.8,0.0,93,46,2022-05-08
20.1,13.4,16.3,0.0,84,55,2022-05-09
19.8,12.8,15.9,0.0,91,53,2022-05-10
16.4,10.6,13.5,0.0,90,43,2022-05-11
16.1,9.2,12.7,0.0,75,53,2022-05-12
17.8,11.5,14.4,0.0,77,56,2022-05-13
18.4,11.8,14.5,0.0,86,26,2022-05-14
15.0,8.7,11.8,0.0,56,29,2022-05-15
14.7,9.5,11.9,0.2,73,51,2022-05-16
15.0,9.4,11.8,0.0,77,55,2022-05-17
15.5,7.7,11.5,0.0,76,43,2022-05-18
16.1,8.0,11.5,0.0,82,38,2022-05-19
18.5,8.3,12.8,0.0,84,40,2022-05-20
20.1,11.0,14.9,0.0,72,31,2022-05-21
18.1,10.9,14.3,0.0,77,49,2022-05-22
18.5,11.3,14.6,0.0,92,59,2022-05-23
21.1,14.1,16.6,1.3,86,48,2022-05-24
14.2,8.5,11.5,22.1,98,82,2022-05-25
13.0,6.1,9.5,0.0,87,60,2022-05-26
14.5,7.8,10.7,0.0,91,47,2022-05-27
12.7,8.1,10.5,0.0,79,63,2022-05-28
11.1,6.3,9.0,0.0,79,36,2022-05-29
10.9,4.2,7.1,0.0,61,43,2022-05-30
10.8,4.2,7.4,0.0,76,42,2022-05-31
12.0,5.5,8.3,0.0,64,41,2022-06-01
11.8,4.3,8.0,0.0,64,40,2022-06-02
10.7,6.5,8.5,0.0,85,56,2022-06-03
13.5,8.3,10.3,0.0,92,63,2022-06-04
15.4,8.8,11.7,0.0,98,63,2022-06-05
15.8,8.0,11.6,0.0,87,46,2022-06-06
15.2,9.0,11.9,0.0,79,63,2022-06-07
17.0,9.3,12.5,0.0,86,48,2022-06-08
17.1,10.7,13.2,0.0,85,50,2022-06-09
10.3,4.9,7.7,0.0,59,26,2022-06-10
13.1,3.6,7.8,0.0,42,22,2022-06-11
15.8,6.3,10.4,0.0,61,30,2022-06-12
16.0,8.0,11.7,0.0,75,43,2022-06-13
15.8,9.2,12.0,0.0,81,53,2022-06-14
15.7,9.7,12.4,0.0,88,59,2022-06-15
15.2,10.4,12.5,0.0,90,66,2022-06-16
13.9,7.6,10.5,0.0,94,27,2022-06-17
14.9,4.7,9.3,0.0,46,32,2022-06-18
15.6,8.7,11.5,0.0,57,39,2022-06-19
13.2,8.5,10.9,0.0,77,46,2022-06-20
15.2,8.6,11.5,0.0,76,42,2022-06-21
10.1,5.1,7.7,0.0,69,50,2022-06-22
10.3,5.0,8.1,0.0,73,57,2022-06-23
10.0,7.4,8.9,0.6,89,69,2022-06-24
9.6,4.7,7.1,0.0,76,52,2022-06-25
10.0,6.7,8.5,0.0,80,58,2022-06-26
11.7,8.9,10.1,0.1,77,60,2022-06-27
14.9,8.9,11.4,0.0,72,45,2022-06-28
18.5,8.4,12.8,0.0,76,35,2022-06-29
15.7,9.0,12.0,0.0,71,31,2022-06-30
13.0,8.7,10.7,5.6,98,63,2022-07-01
13.5,8.3,10.2,0.0,98,37,2022-07-02
11.9,6.5,9.2,0.0,73,41,2022-07-03
10.7,8.9,10.0,2.2,96,62,2022-07-04
13.6,7.4,10.1,0.0,99,70,2022-07-05
14.8,9.1,11.8,1.6,97,76,2022-07-06
14.0,8.7,11.4,0.1,95,21,2022-07-07
13.4,7.3,10.2,0.3,59,32,2022-07-08
18.6,10.7,14.7,1.3,99,64,2022-07-09
20.6,14.9,17.3,4.8,96,74,2022-07-10
14.4,9.8,11.5,0.0,70,49,2022-07-11
11.8,6.4,9.0,0.0,69,39,2022-07-12
14.5,6.6,10.2,0.0,76,44,2022-07-13
14.5,9.4,11.7,0.3,95,68,2022-07-14
15.1,10.3,12.2,0.0,97,70,2022-07-15
10.6,7.6,9.7,0.0,87,56,2022-07-16
13.6,4.6,8.8,0.0,66,34,2022-07-17
15.4,6.8,10.4,0.0,75,37,2022-07-18
13.1,6.9,9.9,0.0,83,43,2022-07-19
17.7,8.3,12.3,0.0,92,56,2022-07-20
18.2,10.8,13.3,0.0,96,42,2022-07-21
17.0,8.4,12.1,0.0,94,60,2022-07-22
18.8,10.8,14.0,3.9,99,82,2022-07-23
15.4,13.5,14.5,1.5,99,94,2022-07-24
15.3,12.6,14.0,2.4,99,94,2022-07-25
20.9,15.1,17.4,2.7,99,85,2022-07-26
21.0,15.0,17.2,1.8,99,78,2022-07-27
17.1,10.0,13.3,0.1,97,48,2022-07-28
16.0,6.6,10.9,0.0,68,40,2022-07-29
17.5,9.0,12.7,0.0,77,41,2022-07-30
16.1,11.3,13.0,0.0,83,54,2022-07-31
16.0,10.0,12.8,0.0,86,51,2022-08-01
16.7,10.6,13.3,0.0,93,62,2022-08-02
18.4,10.4,13.8,0.0,98,58,2022-08-03
13.8,8.9,11.1,0.0,90,42,2022-08-04
16.3,6.5,11.1,0.0,67,36,2022-08-05
14.4,8.6,11.4,0.0,74,42,2022-08-06
13.2,8.9,10.9,0.0,80,58,2022-08-07
13.5,6.3,10.0,0.0,87,55,2022-08-08
14.3,8.6,10.8,0.0,78,45,2022-08-09
12.4,7.5,10.0,0.0,77,48,2022-08-10
16.7,7.6,11.9,0.0,89,43,2022-08-11
17.0,9.5,13.3,0.6,94,60,2022-08-12
20.3,11.9,15.4,0.9,96,55,2022-08-13
21.8,12.7,16.7,3.3,98,57,2022-08-14
17.8,9.6,14.9,2.3,97,34,2022-08-15
17.2,8.0,12.1,0.0,49,26,2022-08-16
14.5,9.1,11.9,0.0,72,31,2022-08-17
11.9,4.8,8.4,0.0,55,36,2022-08-18
16.0,4.4,9.8,0.0,50,23,2022-08-19
16.9,6.5,11.3,0.0,55,25,2022-08-20
17.4,7.8,12.1,0.0,60,29,2022-08-21
14.9,9.1,11.6,0.0,89,46,2022-08-22
19.3,9.3,13.5,0.0,89,45,2022-08-23
22.8,11.5,16.4,0.0,89,47,2022-08-24
25.0,14.0,18.4,0.0,97,44,2022-08-25
23.5,14.4,18.2,0.0,86,57,2022-08-26
18.8,8.5,15.8,9.0,97,37,2022-08-27
12.2,4.3,8.2,0.0,56,34,2022-08-28
13.4,5.3,9.6,0.0,67,39,2022-08-29
16.7,7.3,11.7,0.1,80,42,2022-08-30
17.8,12.0,14.5,0.0,86,61,2022-08-31
17.9,13.1,15.0,6.4,97,84,2022-09-01
16.4,8.1,11.9,0.0,87,23,2022-09-02
17.5,6.8,11.8,0.0,59,30,2022-09-03
20.1,8.1,13.5,0.0,64,26,2022-09-04
19.7,9.1,14.2,0.0,71,30,2022-09-05
19.8,10.2,14.5,0.0,83,47,2022-09-06
22.7,11.8,17.0,0.0,92,36,2022-09-07
23.8,12.0,17.4,0.7,87,42,2022-09-08
14.0,8.2,10.9,0.2,82,33,2022-09-09
18.2,5.3,11.5,0.0,57,20,2022-09-10
16.9,7.9,12.6,0.0,71,31,2022-09-11
18.6,10.0,14.0,0.0,75,37,2022-09-12
20.3,9.5,14.4,0.0,94,35,2022-09-13
20.7,10.1,14.9,0.0,81,36,2022-09-14
20.0,10.9,15.1,0.0,82,32,2022-09-15
22.4,12.4,16.8,0.0,84,35,2022-09-16
23.9,13.9,18.4,0.0,79,41,2022-09-17
22.1,14.7,17.9,0.0,82,42,2022-09-18
21.7,14.4,17.7,0.0,92,42,2022-09-19
18.8,8.9,13.4,0.0,73,20,2022-09-20
17.5,11.5,14.3,0.3,67,41,2022-09-21
18.5,9.7,13.9,1.5,89,24,2022-09-22
19.1,7.4,13.4,0.0,71,27,2022-09-23
21.8,11.0,16.4,0.0,69,26,2022-09-24
19.7,13.0,15.9,0.0,76,30,2022-09-25
24.4,12.2,17.6,1.6,97,30,2022-09-26
26.1,13.4,19.2,0.0,61,21,2022-09-27
19.0,10.0,14.2,0.0,63,27,2022-09-28
17.2,10.5,13.9,0.0,65,24,2022-09-29
19.7,11.4,15.3,0.0,82,33,2022-09-30
23.5,11.7,17.3,0.0,92,31,2022-10-01
28.1,13.3,19.7,0.0,72,23,2022-10-02
18.9,10.7,14.7,0.0,67,41,2022-10-03
20.3,10.7,14.9,0.0,76,31,2022-10-04
23.3,13.2,17.1,0.0,78,29,2022-10-05
21.9,14.0,16.8,1.3,90,37,2022-10-06
27.9,10.7,19.7,0.0,75,17,2022-10-07
20.2,8.8,16.0,0.2,72,17,2022-10-08
20.3,6.0,12.9,0.0,63,14,2022-10-09
19.7,9.4,14.8,0.0,57,21,2022-10-10
20.8,11.1,15.3,0.0,72,28,2022-10-11
29.2,10.3,19.9,0.0,67,12,2022-10-12
20.2,12.6,16.6,0.0,60,11,2022-10-13
16.6,9.8,13.1,0.0,63,26,2022-10-14
15.3,10.8,12.4,1.7,90,52,2022-10-15
20.6,11.0,15.4,0.0,95,43,2022-10-16
20.3,12.7,16.3,0.0,78,46,2022-10-17
21.6,14.4,17.0,0.0,78,48,2022-10-18
24.2,15.7,18.7,0.0,89,49,2022-10-19
24.6,16.4,18.8,14.0,99,51,2022-10-20
25.0,14.1,19.0,0.0,97,48,2022-10-21
14.2,9.8,12.2,6.6,98,53,2022-10-22
20.0,8.0,14.2,0.0,87,43,2022-10-23
24.0,13.7,18.1,0.0,87,39,2022-10-24
26.8,15.8,20.4,0.0,85,39,2022-10-25
23.0,15.7,19.1,8.3,98,50,2022-10-26
27.2,14.4,20.5,0.0,60,17,2022-10-27
34.1,15.1,24.5,0.0,48,17,2022-10-28
30.9,18.5,23.7,0.0,66,26,2022-10-29
20.0,10.3,14.1,4.8,95,54,2022-10-30
18.9,6.8,12.4,0.0,71,20,2022-10-31
22.9,7.4,15.1,0.0,65,16,2022-11-01
24.9,10.6,18.5,0.0,55,11,2022-11-02
25.4,13.4,19.3,0.0,66,20,2022-11-03
23.3,13.7,18.0,0.0,77,29,2022-11-04
24.6,14.5,18.8,0.0,76,32,2022-11-05
25.6,14.7,19.8,0.0,76,26,2022-11-06
25.3,15.1,19.8,0.0,75,30,2022-11-07
26.1,15.0,19.9,0.0,72,24,2022-11-08
26.7,15.7,20.3,0.0,71,23,2022-11-09
28.8,16.5,21.8,0.1,74,28,2022-11-10
30.1,17.6,22.9,0.0,86,26,2022-11-11
28.8,17.1,21.4,1.5,95,38,2022-11-12
26.7,16.8,20.5,20.5,98,41,2022-11-13
21.7,15.2,17.6,7.8,99,53,2022-11-14
29.4,13.2,21.4,0.0,71,25,2022-11-15
34.9,18.2,26.4,0.0,72,25,2022-11-16
30.6,22.2,25.4,0.0,70,35,2022-11-17
31.5,22.3,25.6,0.0,76,36,2022-11-18
35.1,23.4,28.1,0.5,74,27,2022-11-19
27.9,19.8,24.3,2.2,87,53,2022-11-20
19.5,15.7,17.1,1.3,89,70,2022-11-21
23.6,12.7,17.9,0.0,83,30,2022-11-22
30.8,14.6,23.0,0.0,68,22,2022-11-23
36.4,19.3,28.0,0.0,59,22,2022-11-24
26.3,16.0,21.8,0.0,83,50,2022-11-25
31.0,20.1,24.5,0.0,89,39,2022-11-26
30.6,22.1,25.7,0.0,84,37,2022-11-27
31.2,22.4,26.3,0.0,83,42,2022-11-28
32.9,22.9,27.6,0.0,70,34,2022-11-29
28.7,20.9,24.9,16.4,87,54,2022-11-30
24.8,19.2,21.3,11.1,93,56,2022-12-01
27.4,15.3,20.8,0.0,86,29,2022-12-02
26.8,18.2,22.4,0.0,77,32,2022-12-03
33.5,17.1,25.0,0.0,96,25,2022-12-04
34.9,21.8,27.6,0.0,86,29,2022-12-05
34.5,23.2,28.6,0.0,63,25,2022-12-06
34.8,23.9,28.9,0.0,69,27,2022-12-07
35.9,24.9,30.0,0.0,76,31,2022-12-08
38.2,24.6,30.9,3.1,87,29,2022-12-09
30.2,20.2,24.9,11.6,86,39,2022-12-10
37.1,23.1,28.9,1.9,86,32,2022-12-11
28.8,17.2,22.6,0.1,64,22,2022-12-12
28.3,14.5,22.0,0.0,80,28,2022-12-13
33.8,19.6,27.2,0.0,63,24,2022-12-14
28.3,20.2,23.9,3.4,87,27,2022-12-15
24.5,15.2,20.0,0.0,75,39,2022-12-16
25.8,17.4,21.4,0.0,70,32,2022-12-17
27.7,18.7,23.1,0.0,74,24,2022-12-18
29.7,20.6,24.5,0.0,81,29,2022-12-19
30.2,21.3,25.0,0.0,80,38,2022-12-20
29.8,21.6,25.2,0.0,76,32,2022-12-21
31.9,22.2,26.4,0.0,80,40,2022-12-22
30.6,22.9,25.6,1.4,84,47,2022-12-23
22.5,17.6,19.9,9.8,95,61,2022-12-24
23.7,12.1,18.4,0.0,75,35,2022-12-25
28.2,15.2,22.1,0.0,81,30,2022-12-26
31.1,18.1,24.9,0.0,73,27,2022-12-27
30.8,20.4,25.1,0.1,76,29,2022-12-28
29.9,16.3,23.6,0.0,75,24,2022-12-29
36.9,21.6,29.4,0.0,56,19,2022-12-30
30.2,21.3,25.5,0.0,72,24,2022-12-31
25.2,20.7,22.6,4.6,90,57,2023-01-01
30.4,17.8,23.6,0.1,91,20,2023-01-02
33.7,19.4,26.3,0.0,71,15,2023-01-03
31.1,17.8,24.1,0.0,68,23,2023-01-04
31.9,19.4,25.6,0.0,77,15,2023-01-05
33.2,22.9,27.3,0.0,71,29,2023-01-06
32.0,22.8,26.8,0.0,77,31,2023-01-07
31.4,22.8,26.2,0.0,79,38,2023-01-08
32.0,22.6,26.0,0.0,84,36,2023-01-09
33.8,23.6,26.8,0.0,76,30,2023-01-10
28.1,22.3,24.4,5.4,84,56,2023-01-11
30.0,18.0,24.0,0.0,95,29,2023-01-12
30.6,20.1,25.4,0.0,84,16,2023-01-13
32.6,19.7,26.3,0.0,81,13,2023-01-14
35.1,22.1,28.4,0.0,66,15,2023-01-15
36.4,23.6,29.3,0.0,70,18,2023-01-16
35.8,25.6,29.3,0.0,78,25,2023-01-17
29.3,22.8,25.8,0.1,81,51,2023-01-18
32.2,24.0,27.4,0.0,84,40,2023-01-19
33.3,24.8,27.9,0.7,86,48,2023-01-20
31.8,22.9,26.7,9.1,92,39,2023-01-21
34.5,21.0,27.8,0.1,78,26,2023-01-22
33.0,21.3,26.9,0.0,83,24,2023-01-23
34.4,22.7,27.8,0.1,71,25,2023-01-24
34.0,21.5,27.0,0.0,83,39,2023-01-25
33.8,24.7,28.6,0.6,82,40,2023-01-26
29.9,24.6,27.0,0.4,86,61,2023-01-27
32.3,21.8,26.4,0.2,93,42,2023-01-28
29.5,22.2,25.4,0.0,92,42,2023-01-29
29.9,21.3,25.1,0.0,83,31,2023-01-30
31.7,21.3,26.1,0.0,94,41,2023-01-31
28.7,23.5,25.6,0.0,85,53,2023-02-01
26.1,21.7,23.7,8.3,87,68,2023-02-02
28.2,19.8,23.4,1.0,90,41,2023-02-03
29.0,16.8,22.8,0.0,90,27,2023-02-04
31.0,18.9,24.9,0.0,93,35,2023-02-05
33.3,22.0,27.6,0.0,69,28,2023-02-06
34.5,23.6,28.6,0.3,82,29,2023-02-07
37.1,25.3,29.6,0.0,78,25,2023-02-08
34.9,22.2,28.2,0.0,93,34,2023-02-09
37.6,24.4,30.6,0.0,77,21,2023-02-10
37.7,25.8,31.4,0.0,71,28,2023-02-11
40.3,28.4,33.6,0.0,62,19,2023-02-12
32.0,23.9,27.5,5.4,86,37,2023-02-13
32.9,21.0,26.8,0.0,92,26,2023-02-14
30.5,19.3,24.9,0.0,79,32,2023-02-15
26.7,12.4,20.7,3.9,77,54,2023-02-16
15.3,8.6,12.0,0.4,79,52,2023-02-17
22.4,8.3,15.4,0.0,82,23,2023-02-18
25.8,14.7,20.2,0.0,71,23,2023-02-19
27.9,15.7,22.0,0.0,83,22,2023-02-20
29.6,19.4,23.9,0.0,88,34,2023-02-21
33.2,21.0,26.3,0.0,90,33,2023-02-22
31.0,22.3,25.9,0.1,87,40,2023-02-23
31.8,20.6,25.2,1.2,85,37,2023-02-24
33.9,20.2,26.4,0.0,87,26,2023-02-25
27.8,16.7,22.7,0.0,74,26,2023-02-26
30.7,18.7,24.1,0.0,76,27,2023-02-27
36.5,22.4,28.6,0.2,85,28,2023-02-28
37.0,24.5,30.4,0.2,65,24,2023-03-01
37.6,24.0,30.5,0.0,64,27,2023-03-02
35.5,25.0,30.2,0.0,75,38,2023-03-03
34.8,24.1,27.4,0.0,80,41,2023-03-04
32.4,23.2,27.1,0.0,85,49,2023-03-05
33.7,25.8,29.1,0.0,69,39,2023-03-06
32.6,22.8,27.2,0.0,80,45,2023-03-07
33.3,23.4,27.5,0.0,90,43,2023-03-08
32.2,23.0,26.9,0.0,86,36,2023-03-09
38.3,25.9,30.2,0.0,77,27,2023-03-10
38.1,26.9,31.5,0.0,81,30,2023-03-11
35.8,28.0,31.2,0.0,71,33,2023-03-12
34.1,26.5,29.8,0.0,75,45,2023-03-13
35.6,27.1,30.3,0.1,81,38,2023-03-14
29.4,25.4,27.2,11.4,88,66,2023-03-15
30.7,23.7,26.5,0.5,93,54,2023-03-16
34.0,23.1,27.7,0.0,94,39,2023-03-17
30.0,22.6,26.2,0.0,91,54,2023-03-18
32.9,23.8,26.7,5.0,90,51,2023-03-19
26.5,19.9,22.8,10.1,90,46,2023-03-20
24.8,19.9,22.3,0.1,71,41,2023-03-21
24.5,20.2,22.1,0.0,68,38,2023-03-22
29.5,21.1,24.5,0.2,87,49,2023-03-23
26.9,19.2,23.0,0.5,93,53,2023-03-24
27.3,21.1,23.6,32.3,96,52,2023-03-25
23.1,14.7,19.1,0.0,79,41,2023-03-26
25.7,16.3,20.7,0.0,86,43,2023-03-27
30.3,20.0,24.5,0.0,71,40,2023-03-28
27.5,19.6,22.7,2.7,84,56,2023-03-29
22.2,12.5,18.5,0.0,80,58,2023-03-30
21.7,13.1,19.0,1.4,86,27,2023-03-31
20.5,8.4,14.8,0.0,86,46,2023-04-01
21.6,16.2,18.5,2.2,87,57,2023-04-02
21.7,17.7,19.4,4.4,92,67,2023-04-03
23.9,16.9,19.5,0.0,96,54,2023-04-04
24.1,17.7,20.3,0.1,91,56,2023-04-05
24.2,18.1,20.6,0.0,83,46,2023-04-06
25.2,17.4,20.6,0.0,89,49,2023-04-07
25.4,17.2,20.9,0.0,87,39,2023-04-08
27.4,16.5,21.8,0.0,84,42,2023-04-09
27.6,17.6,21.8,0.0,89,44,2023-04-10
29.3,19.2,23.5,0.1,93,42,2023-04-11
21.0,15.1,18.4,3.3,89,57,2023-04-12
18.2,9.2,13.8,0.0,79,38,2023-04-13
19.6,9.0,14.0,0.0,73,31,2023-04-14
19.7,14.0,16.4,1.1,82,52,2023-04-15
19.6,13.3,16.0,4.2,91,48,2023-04-16
20.3,10.9,15.7,0.7,99,46,2023-04-17
17.0,10.0,13.5,3.2,92,43,2023-04-18
18.1,11.0,13.8,0.5,74,45,2023-04-19
21.0,7.6,14.1,0.0,83,44,2023-04-20
22.0,12.3,16.7,0.0,83,42,2023-04-21
23.6,12.8,17.7,0.0,94,42,2023-04-22
22.6,13.2,17.5,0.0,98,58,2023-04-23
21.7,15.6,18.3,0.0,97,69,2023-04-24
21.8,17.3,18.9,10.0,97,72,2023-04-25
23.0,15.1,18.6,0.0,100,61,2023-04-26
26.2,15.2,19.9,0.0,95,47,2023-04-27
26.8,16.0,20.9,0.0,93,48,2023-04-28
26.5,17.9,21.8,0.0,72,48,2023-04-29
26.6,14.7,21.1,2.7,81,62,2023-04-30
18.7,9.1,13.7,0.0,80,31,2023-05-01
18.7,6.6,12.6,0.0,73,29,2023-05-02
18.6,6.9,12.7,0.0,97,43,2023-05-03
21.2,8.7,14.6,0.0,100,52,2023-05-04
20.1,14.6,17.1,4.3,98,78,2023-05-05
20.2,17.4,18.6,24.0,95,85,2023-05-06
20.7,15.1,17.5,0.0,94,51,2023-05-07
20.7,11.1,15.4,0.0,95,52,2023-05-08
18.0,9.2,13.8,0.0,93,55,2023-05-09
19.0,10.0,14.0,0.0,85,50,2023-05-10
16.9,8.2,12.2,0.0,83,44,2023-05-11
18.4,9.5,13.9,0.0,96,56,2023-05-12
22.7,13.3,17.3,0.0,88,50,2023-05-13
25.4,13.5,18.5,0.0,93,44,2023-05-14
24.3,14.1,18.2,0.0,89,51,2023-05-15
25.0,14.9,19.3,0.0,89,48,2023-05-16
23.8,15.4,19.2,0.0,82,53,2023-05-17
20.7,14.9,17.4,0.0,87,47,2023-05-18
17.7,12.6,14.8,34.4,96,69,2023-05-19
16.5,9.9,13.3,0.0,93,61,2023-05-20
18.7,13.6,16.0,0.0,96,78,2023-05-21
21.0,16.0,18.1,0.0,96,72,2023-05-22
21.1,16.1,18.7,0.2,98,79,2023-05-23
20.9,19.3,20.0,42.1,95,86,2023-05-24
21.0,19.0,19.8,24.6,95,85,2023-05-25
20.4,14.2,18.8,40.9,95,52,2023-05-26
14.6,8.3,12.0,0.0,72,36,2023-05-27
13.8,4.1,8.9,0.0,84,45,2023-05-28
14.7,6.2,10.5,0.0,90,52,2023-05-29
16.5,9.5,12.9,0.0,89,59,2023-05-30
19.5,11.8,15.1,0.0,93,64,2023-05-31
22.1,13.5,17.0,0.0,92,61,2023-06-01
22.8,17.6,19.8,0.0,87,69,2023-06-02
22.2,16.6,18.9,2.1,94,67,2023-06-03
19.2,10.6,15.9,0.2,97,38,2023-06-04
15.8,5.9,11.0,0.0,81,47,2023-06-05
20.3,10.7,15.5,0.1,95,73,2023-06-06
18.7,15.8,17.2,0.1,97,57,2023-06-07
24.5,16.2,20.5,0.9,97,74,2023-06-08
21.2,11.3,18.1,0.0,82,33,2023-06-09
12.9,7.5,10.0,0.0,65,40,2023-06-10
10.8,3.5,6.8,0.0,70,35,2023-06-11
12.4,1.6,6.4,0.0,70,48,2023-06-12
14.1,2.6,7.6,0.0,80,32,2023-06-13
13.6,2.9,7.5,0.0,83,39,2023-06-14
14.8,5.4,9.2,0.0,88,54,2023-06-15
15.9,6.6,11.2,0.0,100,57,2023-06-16
12.5,5.6,8.4,0.0,96,53,2023-06-17
12.5,0.7,6.7,0.0,83,45,2023-06-18
14.6,7.9,10.5,0.0,92,61,2023-06-19
14.4,7.4,10.6,0.5,95,67,2023-06-20
15.4,10.3,12.3,0.0,98,73,2023-06-21
14.8,6.9,10.9,0.0,100,69,2023-06-22
13.3,8.3,10.8,0.0,95,81,2023-06-23
16.6,10.3,13.1,0.0,96,86,2023-06-24
16.2,10.1,12.8,0.0,97,68,2023-06-25
19.2,12.7,14.9,0.0,97,64,2023-06-26
16.0,10.4,12.8,0.2,85,51,2023-06-27
16.5,6.0,10.5,0.0,85,32,2023-06-28
13.6,5.1,9.1,0.0,90,57,2023-06-29
15.1,7.1,10.6,0.0,92,51,2023-06-30
16.6,9.5,12.5,0.0,96,60,2023-07-01
18.3,12.1,15.0,0.0,92,67,2023-07-02
19.8,13.9,16.7,0.0,95,75,2023-07-03
22.9,17.2,19.4,5.4,92,68,2023-07-04
18.8,14.1,16.4,2.8,96,59,2023-07-05
18.3,11.0,14.2,13.7,89,38,2023-07-06
14.4,7.0,10.8,0.0,89,61,2023-07-07
13.4,10.7,12.2,0.0,88,64,2023-07-08
17.5,12.7,14.5,0.6,96,71,2023-07-09
15.7,10.5,12.7,0.0,95,51,2023-07-10
11.8,9.9,10.7,8.3,89,70,2023-07-11
10.5,8.3,9.6,18.6,91,72,2023-07-12
10.9,6.3,7.9,9.1,90,58,2023-07-13
10.6,2.6,6.9,0.0,89,58,2023-07-14
13.0,7.9,9.8,0.0,87,64,2023-07-15
12.0,3.0,7.3,0.0,86,45,2023-07-16
10.1,1.6,5.5,0.0,82,41,2023-07-17
10.8,0.2,5.1,0.0,87,53,2023-07-18
12.3,5.7,8.9,0.0,87,51,2023-07-19
16.3,8.6,11.9,0.0,92,66,2023-07-20
24.1,13.6,18.5,0.0,95,65,2023-07-21
26.6,13.5,22.3,2.8,82,55,2023-07-22
17.0,9.6,12.8,0.0,73,39,2023-07-23
12.2,8.3,10.0,0.0,84,57,2023-07-24
13.7,8.5,11.2,0.1,92,72,2023-07-25
16.0,9.6,12.8,0.2,97,51,2023-07-26
13.0,5.3,9.1,0.0,88,53,2023-07-27
14.1,6.3,10.1,0.0,96,59,2023-07-28
17.3,8.8,12.4,0.0,87,53,2023-07-29
20.3,9.8,14.4,0.0,88,51,2023-07-30
20.0,11.2,15.2,0.0,92,57,2023-07-31
28.7,15.6,20.5,0.0,93,54,2023-08-01
28.9,15.1,21.0,0.0,93,38,2023-08-02
13.8,8.3,11.1,0.0,77,47,2023-08-03
18.1,7.4,12.3,0.0,87,34,2023-08-04
16.2,6.1,11.6,0.0,91,49,2023-08-05
22.2,14.1,16.7,0.0,91,63,2023-08-06
13.4,6.1,9.3,0.0,85,45,2023-08-07
13.9,6.5,9.8,0.0,81,60,2023-08-08
17.0,9.2,12.7,0.0,94,59,2023-08-09
18.1,13.5,15.6,0.0,95,74,2023-08-10
16.4,8.9,13.1,0.1,94,26,2023-08-11
12.4,4.4,8.2,0.0,55,24,2023-08-12
16.8,2.6,9.3,0.0,71,24,2023-08-13
23.9,9.2,15.5,0.0,51,27,2023-08-14
24.7,13.0,18.4,0.0,66,36,2023-08-15
25.8,16.8,20.0,15.4,91,63,2023-08-16
16.5,13.8,15.4,38.9,98,86,2023-08-17
17.0,9.5,14.2,2.9,96,34,2023-08-18
13.7,5.1,9.3,0.2,60,36,2023-08-19
12.1,6.3,9.2,0.8,77,57,2023-08-20
16.4,7.3,12.2,7.4,94,59,2023-08-21
18.1,11.7,14.7,15.4,95,44,2023-08-22
15.0,9.5,11.7,0.4,77,60,2023-08-23
16.1,9.0,12.2,0.0,69,32,2023-08-24
16.2,7.2,11.6,0.0,78,26,2023-08-25
15.3,4.0,9.9,0.0,66,27,2023-08-26
14.0,6.1,9.8,0.0,88,31,2023-08-27
14.6,7.5,11.0,0.0,76,42,2023-08-28
17.2,9.1,12.7,0.0,80,40,2023-08-29
22.5,9.8,15.4,0.0,83,34,2023-08-30
18.4,7.6,13.0,0.0,68,21,2023-08-31
20.6,12.2,16.1,0.0,83,54,2023-09-01
19.6,10.4,15.2,0.6,88,50,2023-09-02
10.9,8.6,9.8,28.9,92,73,2023-09-03
13.7,7.9,10.4,0.0,90,58,2023-09-04
13.3,5.1,8.7,0.0,79,41,2023-09-05
12.8,8.2,10.4,0.0,83,53,2023-09-06
14.4,12.5,13.4,4.6,97,76,2023-09-07
18.7,7.1,13.1,0.0,88,45,2023-09-08
20.1,9.7,14.9,0.0,80,37,2023-09-09
21.6,12.9,16.7,0.0,88,55,2023-09-10
22.2,13.6,17.1,8.1,94,65,2023-09-11
17.5,8.5,13.1,0.0,71,30,2023-09-12
17.9,10.1,13.5,0.0,77,34,2023-09-13
19.9,7.4,13.9,0.0,90,33,2023-09-14
25.8,12.2,18.4,0.0,62,35,2023-09-15
25.8,15.8,20.1,0.0,69,38,2023-09-16
18.2,11.9,15.1,17.5,81,54,2023-09-17
18.0,9.5,13.3,0.0,77,36,2023-09-18
17.3,8.5,12.7,0.0,92,54,2023-09-19
16.5,13.4,15.0,0.0,95,80,2023-09-20
20.2,15.6,17.6,0.0,99,79,2023-09-21
17.3,11.4,14.3,0.0,94,61,2023-09-22
16.0,11.8,13.8,0.0,93,77,2023-09-23
16.7,12.4,14.0,0.0,96,53,2023-09-24
16.1,9.7,13.1,0.0,84,46,2023-09-25
15.5,11.9,13.4,0.0,86,57,2023-09-26
20.5,8.2,14.0,0.0,96,41,2023-09-27
20.7,11.5,16.0,0.0,79,41,2023-09-28
20.3,12.7,16.1,0.0,95,42,2023-09-29
17.2,6.4,12.1,0.0,87,40,2023-09-30
21.0,7.2,13.9,0.0,84,26,2023-10-01
18.2,10.5,14.2,0.0,91,52,2023-10-02
19.8,12.9,15.7,3.7,91,49,2023-10-03
19.2,11.9,14.8,0.2,93,37,2023-10-04
24.6,9.7,17.1,0.0,69,23,2023-10-05
25.8,13.2,18.9,0.0,56,18,2023-10-06
23.4,9.8,16.8,0.0,69,28,2023-10-07
27.5,12.6,20.2,0.0,69,22,2023-10-08
29.5,14.7,22.1,0.0,56,25,2023-10-09
29.2,17.7,22.4,0.0,79,33,2023-10-10
18.1,9.0,13.5,4.9,90,40,2023-10-11
16.4,4.3,10.8,0.0,76,38,2023-10-12
19.5,7.7,13.8,0.0,87,26,2023-10-13
21.4,12.6,16.8,0.0,73,41,2023-10-14
23.1,13.6,18.1,0.0,83,46,2023-10-15
25.9,16.9,20.9,0.0,93,57,2023-10-16
20.2,9.8,14.9,0.0,83,28,2023-10-17
18.3,8.1,13.6,0.0,80,38,2023-10-18
20.3,14.3,16.8,0.1,86,57,2023-10-19
23.8,15.2,18.9,0.0,88,52,2023-10-20
23.1,17.4,20.1,0.1,86,64,2023-10-21
27.5,18.5,22.1,4.4,93,59,2023-10-22
19.8,17.4,18.3,17.1,93,82,2023-10-23
19.2,13.8,16.4,0.0,91,57,2023-10-24
20.5,9.6,15.4,0.0,84,39,2023-10-25
23.7,11.7,18.0,0.0,92,37,2023-10-26
26.9,16.0,21.0,0.0,73,38,2023-10-27
27.4,18.3,22.9,0.0,77,38,2023-10-28
24.0,18.2,20.9,13.9,88,68,2023-10-29
20.3,12.3,16.8,10.3,93,42,2023-10-30
16.3,11.9,13.6,4.2,81,54,2023-10-31
16.1,9.8,13.0,0.0,82,52,2023-11-01
15.6,12.9,14.6,37.3,91,78,2023-11-02
16.1,12.0,14.4,6.5,97,68,2023-11-03
23.8,8.9,16.6,0.0,95,36,2023-11-04
24.8,13.6,19.3,0.0,89,34,2023-11-05
26.0,15.9,20.9,0.0,82,38,2023-11-06
31.1,18.3,24.1,2.1,83,48,2023-11-07
27.4,16.8,22.4,0.0,81,25,2023-11-08
23.5,14.4,19.4,0.0,75,27,2023-11-09
22.2,16.4,18.5,25.4,92,42,2023-11-10
26.4,18.1,21.5,6.9,96,52,2023-11-11
24.8,17.0,20.8,0.4,91,43,2023-11-12
20.5,12.8,17.1,0.0,78,32,2023-11-13
24.8,12.4,19.1,0.0,86,37,2023-11-14
26.5,18.0,21.7,0.4,88,53,2023-11-15
26.9,15.5,21.3,0.0,95,23,2023-11-16
28.5,15.6,21.4,6.6,83,36,2023-11-17
22.3,16.7,19.1,1.2,88,21,2023-11-18
28.2,13.5,21.4,0.0,54,22,2023-11-19
32.1,17.2,24.8,0.0,71,24,2023-11-20
29.7,17.7,23.2,4.9,85,27,2023-11-21
24.3,14.9,19.8,0.0,85,34,2023-11-22
30.2,17.1,23.6,0.0,80,22,2023-11-23
25.8,14.7,20.2,0.0,71,39,2023-11-24
26.5,17.3,21.6,0.0,81,35,2023-11-25
28.7,18.7,23.7,0.0,83,30,2023-11-26
30.7,21.1,25.3,0.0,87,36,2023-11-27
30.4,21.8,25.4,0.0,89,52,2023-11-28
25.4,20.5,23.6,2.5,85,69,2023-11-29
29.9,17.3,23.8,0.0,93,31,2023-11-30
26.7,22.1,24.5,16.6,91,71,2023-12-01
30.6,17.5,23.8,0.0,100,36,2023-12-02
23.3,13.9,17.5,0.0,69,42,2023-12-03
21.9,13.3,17.9,0.0,75,42,2023-12-04
23.0,16.6,19.5,5.4,93,54,2023-12-05
22.4,19.7,20.8,14.8,96,84,2023-12-06
24.3,17.2,20.4,0.0,95,50,2023-12-07
24.2,17.0,20.4,0.0,94,56,2023-12-08
25.2,16.8,20.6,0.0,81,44,2023-12-09
27.6,17.2,22.6,0.0,95,34,2023-12-10
29.0,19.8,24.5,0.0,82,44,2023-12-11
33.1,22.0,27.5,0.0,80,37,2023-12-12
31.7,23.0,26.6,2.6,83,46,2023-12-13
28.1,20.8,24.3,0.0,92,63,2023-12-14
31.0,23.4,26.6,8.1,89,57,2023-12-15
32.8,24.2,28.2,0.0,89,56,2023-12-16
28.7,21.2,24.7,41.1,87,77,2023-12-17
22.6,15.5,19.0,8.3,92,71,2023-12-18
21.0,12.2,16.6,0.0,75,53,2023-12-19
24.4,15.3,20.5,0.0,81,49,2023-12-20
28.7,18.2,23.4,0.0,95,43,2023-12-21
27.2,19.7,23.5,0.0,86,50,2023-12-22
32.3,21.4,25.9,0.0,85,42,2023-12-23
30.6,23.1,25.5,0.1,83,55,2023-12-24
25.6,19.1,22.3,10.0,92,42,2023-12-25
27.9,13.9,21.1,0.0,72,25,2023-12-26
30.5,18.2,24.5,0.0,80,32,2023-12-27
28.5,21.0,25.0,1.7,75,51,2023-12-28
26.1,19.4,22.7,0.0,94,47,2023-12-29
26.2,15.8,21.2,0.0,85,31,2023-12-30
25.1,19.2,21.9,0.0,71,39,2023-12-31
28.3,17.6,23.4,0.1,77,40,2024-01-01
28.3,21.3,24.1,0.6,85,44,2024-01-02
27.1,21.3,23.8,0.9,85,56,2024-01-03
28.2,21.4,24.7,0.1,85,52,2024-01-04
30.0,22.3,26.0,0.0,86,47,2024-01-05
32.0,22.9,26.2,7.9,86,48,2024-01-06
30.2,21.9,25.3,6.0,88,52,2024-01-07
31.7,19.4,25.3,0.0,91,40,2024-01-08
32.8,22.2,27.7,0.0,80,36,2024-01-09
32.3,22.4,26.8,0.4,87,44,2024-01-10
28.1,19.4,23.7,0.0,92,43,2024-01-11
25.4,18.2,21.7,0.0,75,38,2024-01-12
31.7,20.9,25.8,0.0,69,40,2024-01-13
32.8,21.7,26.8,0.7,87,22,2024-01-14
31.0,21.1,25.7,0.0,80,28,2024-01-15
25.4,18.6,22.3,19.4,87,66,2024-01-16
28.2,18.1,23.5,0.0,96,47,2024-01-17
28.5,21.8,25.1,0.0,90,60,2024-01-18
31.2,21.3,24.8,0.1,95,30,2024-01-19
27.8,15.3,21.9,0.0,84,39,2024-01-20
26.4,19.1,22.8,0.0,77,39,2024-01-21
28.4,20.2,24.0,0.0,81,26,2024-01-22
27.7,20.5,24.0,0.0,81,44,2024-01-23
28.9,20.8,24.8,0.0,82,36,2024-01-24
29.9,21.7,25.6,0.0,78,35,2024-01-25
30.2,21.7,25.6,0.0,79,36,2024-01-26
29.9,21.9,25.5,0.0,80,36,2024-01-27
28.6,22.3,25.3,0.0,83,38,2024-01-28
31.5,22.8,26.3,0.0,82,38,2024-01-29
34.9,23.5,28.5,0.0,83,32,2024-01-30
36.3,25.1,30.1,0.0,72,31,2024-01-31
37.1,25.4,31.1,0.0,81,27,2024-02-01
36.1,26.7,30.7,0.0,80,27,2024-02-02
37.2,24.4,30.3,0.0,75,30,2024-02-03
27.2,18.3,22.6,0.0,73,45,2024-02-04
31.3,21.5,25.8,0.0,80,56,2024-02-05
36.9,26.0,29.1,3.6,84,40,2024-02-06
38.0,26.5,30.5,0.3,84,38,2024-02-07
32.9,25.7,28.9,0.9,86,54,2024-02-08
30.0,24.2,26.5,10.5,92,65,2024-02-09
29.4,24.6,26.7,30.9,92,67,2024-02-10
33.6,23.2,28.3,0.0,90,45,2024-02-11
27.8,17.9,24.1,15.8,89,62,2024-02-12
23.1,12.7,18.3,0.0,74,40,2024-02-13
24.1,17.6,20.6,0.1,79,47,2024-02-14
27.4,20.8,23.7,0.0,77,41,2024-02-15
27.8,22.0,24.4,0.0,84,47,2024-02-16
28.4,22.1,25.0,0.0,82,51,2024-02-17
28.2,23.4,25.3,0.7,89,61,2024-02-18
30.3,20.3,25.1,0.0,93,44,2024-02-19
29.6,21.3,25.3,0.0,94,52,2024-02-20
30.5,23.2,26.4,0.0,86,45,2024-02-21
30.4,23.5,26.7,0.0,81,51,2024-02-22
28.2,22.0,24.9,2.6,87,47,2024-02-23
25.9,19.8,22.6,0.0,87,52,2024-02-24
26.5,19.9,22.9,0.3,80,55,2024-02-25
24.3,20.8,22.4,34.4,93,77,2024-02-26
28.8,21.3,24.6,0.0,94,54,2024-02-27
30.8,21.9,26.1,0.0,94,42,2024-02-28
30.1,22.0,25.1,2.7,93,55,2024-02-29
27.9,21.2,24.2,0.0,88,64,2024-03-01
29.3,23.9,25.6,5.4,92,65,2024-03-02
25.9,15.6,20.9,0.0,72,20,2024-03-03
26.9,15.6,21.5,0.0,87,29,2024-03-04
24.7,15.1,19.7,0.0,72,31,2024-03-05
25.1,16.7,20.8,0.0,81,40,2024-03-06
28.9,18.8,23.5,0.0,78,43,2024-03-07
28.7,22.0,25.3,0.6,84,58,2024-03-08
30.9,22.6,25.9,28.0,91,49,2024-03-09
27.6,20.4,24.0,0.0,92,49,2024-03-10
24.7,22.1,23.7,25.1,86,67,2024-03-11
26.4,21.9,23.9,22.7,91,67,2024-03-12
26.3,22.4,24.0,75.2,95,85,2024-03-13
25.7,22.8,24.0,55.6,97,82,2024-03-14
26.7,21.0,23.5,0.0,99,59,2024-03-15
28.0,22.5,24.5,0.7,93,65,2024-03-16
26.4,19.8,22.9,0.0,89,59,2024-03-17
27.8,22.2,24.4,2.9,93,66,2024-03-18
27.5,22.1,24.3,0.3,96,69,2024-03-19
27.0,20.7,23.8,21.7,93,70,2024-03-20
20.8,14.3,17.9,0.0,85,44,2024-03-21
22.2,11.8,17.4,0.0,87,41,2024-03-22
24.9,16.7,20.7,0.0,78,49,2024-03-23
28.9,18.8,23.4,0.0,88,44,2024-03-24
27.3,18.1,21.9,0.0,97,36,2024-03-25
24.6,17.7,20.7,0.0,85,58,2024-03-26
27.5,18.4,22.5,0.0,90,50,2024-03-27
27.7,20.1,23.1,0.0,86,43,2024-03-28
28.3,19.2,23.4,0.0,90,53,2024-03-29
32.0,19.4,24.9,1.3,87,45,2024-03-30
22.5,16.0,19.4,0.5,86,49,2024-03-31
19.7,16.6,18.0,0.0,81,58,2024-04-01
21.5,12.8,17.7,0.0,93,51,2024-04-02
19.1,16.3,18.1,22.4,96,74,2024-04-03
23.8,11.9,17.7,0.0,100,46,2024-04-04
27.4,15.1,20.5,0.0,92,37,2024-04-05
25.3,16.7,20.6,0.0,88,47,2024-04-06
24.8,16.0,20.2,0.0,90,51,2024-04-07
24.6,17.8,21.0,0.0,94,61,2024-04-08
26.8,17.3,21.4,0.1,100,50,2024-04-09
18.3,12.4,15.4,0.0,75,44,2024-04-10
18.1,10.6,14.6,0.7,72,56,2024-04-11
19.6,13.0,16.7,9.9,90,58,2024-04-12
19.7,17.3,18.5,11.7,92,77,2024-04-13
21.2,18.5,20.0,16.8,97,91,2024-04-14
23.1,19.5,21.8,40.9,98,85,2024-04-15
18.7,15.3,17.2,0.8,90,81,2024-04-16
24.1,13.5,17.7,0.0,85,36,2024-04-17
23.9,11.4,17.5,0.0,80,36,2024-04-18
27.3,15.9,20.7,0.0,87,40,2024-04-19
27.1,17.2,21.7,0.0,85,52,2024-04-20
22.7,17.7,20.5,1.1,90,77,2024-04-21
20.7,17.8,18.9,5.9,95,80,2024-04-22
21.4,14.4,18.5,0.6,98,41,2024-04-23
19.8,8.7,14.2,0.0,75,28,2024-04-24
17.4,14.5,15.9,7.4,89,67,2024-04-25
19.3,16.3,18.0,11.4,92,89,2024-04-26
18.0,11.0,14.4,0.0,96,39,2024-04-27
20.4,7.3,13.5,0.0,79,31,2024-04-28
18.5,13.7,16.7,4.5,89,55,2024-04-29
22.6,16.6,18.8,0.0,98,77,2024-04-30
18.5,11.9,15.5,0.0,88,37,2024-05-01
15.6,9.7,12.1,0.1,74,38,2024-05-02
15.8,5.1,11.0,0.0,86,45,2024-05-03
19.4,10.8,15.0,0.0,95,65,2024-05-04
22.4,16.3,18.7,0.0,98,73,2024-05-05
20.3,16.9,18.5,0.1,99,82,2024-05-06
19.3,16.5,17.8,0.0,97,90,2024-05-07
17.9,10.6,15.8,0.0,99,51,2024-05-08
17.2,6.2,11.0,0.0,75,26,2024-05-09
16.9,10.9,13.3,0.0,86,50,2024-05-10
17.6,8.9,12.8,0.0,91,52,2024-05-11
11.3,8.0,9.8,7.3,90,81,2024-05-12
13.5,3.7,8.6,0.0,86,50,2024-05-13
13.3,3.7,8.2,0.0,94,50,2024-05-14
16.2,4.9,10.0,0.0,82,37,2024-05-15
17.1,7.8,11.7,0.0,83,39,2024-05-16
14.8,6.0,10.4,0.0,93,52,2024-05-17
13.0,3.9,8.4,0.0,98,54,2024-05-18
13.7,3.5,8.5,0.0,86,47,2024-05-19
16.0,6.2,10.9,0.0,97,46,2024-05-20
15.0,9.6,12.5,0.0,95,75,2024-05-21
14.4,9.3,11.9,0.0,100,70,2024-05-22
14.8,9.8,11.8,0.3,96,52,2024-05-23
11.4,5.0,8.3,0.1,74,44,2024-05-24
11.8,1.7,6.4,0.0,87,43,2024-05-25
11.2,2.9,7.1,0.0,86,60,2024-05-26
10.8,6.6,8.8,1.1,82,68,2024-05-27
15.6,7.8,10.9,0.0,99,61,2024-05-28
16.7,10.2,13.1,0.0,97,64,2024-05-29
17.2,11.2,13.7,0.0,89,54,2024-05-30
16.4,10.9,13.3,0.0,94,68,2024-05-31
21.3,12.8,15.9,0.0,93,58,2024-06-01
13.2,8.4,11.4,0.6,92,64,2024-06-02
12.1,4.0,8.1,0.0,91,51,2024-06-03
12.7,8.2,10.6,0.0,80,59,2024-06-04
15.3,11.7,13.4,0.4,95,79,2024-06-05
19.7,11.4,14.6,0.0,97,65,2024-06-06
18.8,14.6,16.3,4.8,93,74,2024-06-07
22.2,16.8,19.3,0.0,96,72,2024-06-08
25.6,16.8,20.9,0.0,86,60,2024-06-09
20.2,11.0,14.8,0.0,86,42,2024-06-10
16.3,11.7,14.0,0.0,96,75,2024-06-11
20.6,15.4,17.6,0.0,98,86,2024-06-12
26.9,21.3,23.3,0.0,83,51,2024-06-13
21.3,15.8,19.2,8.2,92,49,2024-06-14
20.7,10.3,15.0,0.0,80,33,2024-06-15
15.9,11.2,13.0,0.0,89,64,2024-06-16
16.2,10.3,13.4,0.0,91,64,2024-06-17
19.8,14.3,16.1,0.7,97,67,2024-06-18
17.9,11.5,15.0,2.3,99,66,2024-06-19
15.5,6.8,11.5,0.0,88,67,2024-06-20
17.7,14.1,15.8,1.9,98,84,2024-06-21
18.2,14.8,16.7,0.3,99,79,2024-06-22
14.5,8.4,12.0,0.9,92,47,2024-06-23
12.2,4.4,7.9,0.0,85,56,2024-06-24
10.7,4.1,7.5,0.6,94,64,2024-06-25
13.3,5.7,9.3,0.4,92,55,2024-06-26
16.7,7.5,11.7,0.0,77,48,2024-06-27
12.0,6.7,9.4,0.0,81,49,2024-06-28
9.3,2.4,5.6,0.0,74,42,2024-06-29
14.9,1.4,7.3,0.0,74,32,2024-06-30
17.6,6.7,11.3,0.0,73,40,2024-07-01
19.7,7.3,12.3,0.0,78,37,2024-07-02
11.9,5.2,8.7,0.0,87,54,2024-07-03
12.5,1.0,6.4,0.0,100,35,2024-07-04
11.6,0.3,5.1,0.0,62,24,2024-07-05
9.7,0.1,4.9,0.0,70,50,2024-07-06
10.1,2.4,6.0,0.0,80,44,2024-07-07
8.3,-0.3,3.6,0.0,93,36,2024-07-08
9.0,-1.8,2.9,0.0,76,42,2024-07-09
9.4,-1.8,3.5,0.0,79,42,2024-07-10
11.4,-1.7,4.7,0.0,100,39,2024-07-11
13.8,0.4,6.3,0.0,86,34,2024-07-12
13.2,1.0,6.5,0.0,88,34,2024-07-13
12.8,-0.9,6.1,0.0,100,39,2024-07-14
14.2,5.8,9.3,0.0,90,63,2024-07-15
16.9,7.4,11.3,0.0,93,57,2024-07-16
17.9,8.0,12.1,0.0,98,49,2024-07-17
18.9,9.0,12.9,0.0,93,59,2024-07-18
13.1,8.4,11.3,0.0,93,51,2024-07-19
11.1,7.0,9.1,2.0,94,72,2024-07-20
13.8,10.6,12.0,0.0,97,82,2024-07-21
14.9,11.2,12.7,0.0,94,76,2024-07-22
16.1,10.5,12.7,0.0,99,83,2024-07-23
19.0,13.5,16.1,4.6,98,68,2024-07-24
21.2,8.6,14.4,0.0,74,33,2024-07-25
18.6,8.3,13.1,0.0,90,35,2024-07-26
19.8,5.0,11.7,0.0,96,22,2024-07-27
13.8,3.7,8.8,0.0,86,29,2024-07-28
11.8,0.5,5.8,0.0,79,30,2024-07-29
13.6,5.0,8.8,0.0,84,38,2024-07-30
16.1,9.1,12.9,0.0,92,72,2024-07-31
22.0,16.3,18.9,0.0,85,65,2024-08-01
30.3,21.2,24.9,0.0,68,39,2024-08-02
23.1,12.9,16.7,24.5,86,61,2024-08-03
16.3,9.1,12.2,0.0,75,40,2024-08-04
15.6,10.6,13.1,0.0,92,75,2024-08-05
17.4,15.0,16.2,3.8,98,86,2024-08-06
14.4,8.0,11.1,0.0,89,56,2024-08-07
10.1,6.2,8.0,2.6,90,70,2024-08-08
11.1,3.8,7.3,0.3,89,55,2024-08-09
17.0,3.5,9.3,0.0,80,37,2024-08-10
14.6,7.8,11.4,0.0,62,41,2024-08-11
12.8,2.3,7.7,0.0,87,43,2024-08-12
19.4,5.9,11.7,0.0,78,26,2024-08-13
19.2,7.4,13.0,0.0,75,37,2024-08-14
21.4,9.9,14.5,0.0,83,40,2024-08-15
13.2,7.2,9.9,0.0,92,58,2024-08-16
15.0,8.8,11.5,0.0,94,73,2024-08-17
16.0,10.5,13.1,0.6,96,76,2024-08-18
12.6,8.7,11.7,0.0,97,71,2024-08-19
11.2,6.1,8.8,0.4,88,69,2024-08-20
13.3,10.5,11.5,7.8,96,85,2024-08-21
10.3,7.2,9.1,0.3,92,73,2024-08-22
12.1,3.2,7.5,0.0,92,46,2024-08-23
13.6,3.1,8.2,0.4,87,44,2024-08-24
13.1,3.4,8.2,0.0,89,48,2024-08-25
13.0,6.5,9.5,0.0,93,55,2024-08-26
18.8,6.7,11.8,0.0,95,39,2024-08-27
18.0,8.5,12.7,0.0,90,51,2024-08-28
18.8,9.4,13.5,0.0,94,52,2024-08-29
12.7,10.0,11.0,23.3,92,78,2024-08-30
11.8,10.1,10.9,42.0,93,88,2024-08-31
15.7,8.9,12.0,0.1,88,68,2024-09-01
17.3,9.5,13.0,0.0,96,69,2024-09-02
19.3,12.3,15.0,0.0,94,29,2024-09-03
20.1,8.8,14.2,0.0,71,32,2024-09-04
16.8,6.3,12.1,0.0,74,37,2024-09-05
21.7,12.0,16.0,0.0,70,39,2024-09-06
23.6,10.6,16.2,0.0,84,25,2024-09-07
20.9,9.7,15.5,0.0,80,28,2024-09-08
17.5,12.3,15.0,0.0,90,70,2024-09-09
20.4,12.2,15.7,0.0,100,67,2024-09-10
17.7,12.2,14.4,0.0,95,49,2024-09-11
18.8,9.4,13.9,0.0,89,34,2024-09-12
19.4,10.0,15.1,0.0,89,43,2024-09-13
19.2,8.5,13.9,0.0,79,24,2024-09-14
19.3,8.7,13.9,0.0,78,28,2024-09-15
25.8,10.4,17.7,0.0,67,28,2024-09-16
22.6,14.0,18.5,0.0,75,48,2024-09-17
24.8,15.4,19.7,0.0,81,53,2024-09-18
23.3,17.3,19.7,10.2,86,59,2024-09-19
23.4,11.8,17.6,0.0,82,28,2024-09-20
26.1,14.6,19.5,0.0,83,44,2024-09-21
24.7,14.7,19.8,3.2,87,64,2024-09-22
20.4,11.8,15.7,0.0,89,35,2024-09-23
21.0,13.1,16.5,0.0,84,32,2024-09-24
21.2,13.9,16.6,0.0,89,55,2024-09-25
20.9,10.1,15.3,0.0,88,31,2024-09-26
19.9,10.6,15.3,0.0,94,45,2024-09-27
25.1,12.2,18.5,0.0,87,42,2024-09-28
26.2,15.2,20.4,0.0,88,51,2024-09-29
30.0,18.9,23.3,2.4,89,50,2024-09-30
23.5,12.8,17.8,0.0,86,36,2024-10-01
19.7,11.1,15.0,0.0,85,26,2024-10-02
19.4,7.6,13.8,0.0,74,35,2024-10-03
21.8,11.8,17.0,0.0,76,36,2024-10-04
25.4,13.8,19.0,0.0,84,32,2024-10-05
21.2,14.6,17.5,0.5,90,51,2024-10-06
19.9,16.6,17.8,0.9,90,66,2024-10-07
23.5,13.2,17.2,0.0,93,48,2024-10-08
19.9,12.3,16.2,0.0,88,48,2024-10-09
21.7,14.8,17.9,0.0,95,57,2024-10-10
29.3,14.7,21.6,0.0,100,30,2024-10-11
23.5,13.8,18.8,2.0,82,52,2024-10-12
19.3,16.3,17.5,8.3,92,72,2024-10-13
21.5,15.9,18.2,0.1,96,65,2024-10-14
25.1,16.1,20.3,0.0,98,50,2024-10-15
24.5,14.2,19.3,0.0,100,47,2024-10-16
25.4,15.9,20.0,0.6,92,47,2024-10-17
26.7,16.0,20.8,0.0,90,40,2024-10-18
28.4,16.1,22.1,0.0,92,40,2024-10-19
30.2,18.5,24.2,0.0,79,47,2024-10-20
33.3,21.7,26.8,0.0,80,41,2024-10-21
27.3,19.7,23.7,0.0,90,37,2024-10-22
23.1,19.5,20.9,23.1,97,70,2024-10-23
20.1,15.5,17.3,6.2,96,85,2024-10-24
19.6,12.6,15.6,3.0,97,64,2024-10-25
24.6,8.1,16.7,0.0,81,30,2024-10-26
27.4,13.8,20.8,0.0,93,32,2024-10-27
30.0,16.2,23.1,0.0,73,31,2024-10-28
30.8,18.5,24.4,0.0,83,38,2024-10-29
29.2,19.9,24.4,0.0,77,41,2024-10-30
27.6,19.9,23.5,0.0,84,53,2024-10-31
31.7,21.5,25.6,0.1,93,47,2024-11-01
24.5,19.8,22.2,4.5,90,54,2024-11-02
23.5,13.2,19.2,0.0,88,53,2024-11-03
22.8,16.5,20.9,35.4,93,74,2024-11-04
24.5,13.8,19.3,0.0,96,25,2024-11-05
25.0,15.4,20.5,0.0,69,43,2024-11-06
23.4,15.4,19.2,0.0,91,48,2024-11-07
24.3,13.4,19.2,0.0,85,44,2024-11-08
28.3,17.1,22.4,0.0,83,39,2024-11-09
30.5,19.0,23.9,1.7,86,33,2024-11-10
23.7,13.8,18.2,0.6,87,25,2024-11-11
24.5,9.8,17.4,0.0,88,29,2024-11-12
26.8,13.2,20.3,0.0,73,30,2024-11-13
29.6,16.8,23.2,0.0,74,30,2024-11-14
32.0,20.6,25.6,0.0,77,33,2024-11-15
33.0,21.4,26.8,0.0,77,36,2024-11-16
23.1,14.4,17.2,24.1,87,74,2024-11-17
23.9,12.4,17.8,0.0,86,47,2024-11-18
22.3,15.8,19.0,0.0,81,44,2024-11-19
25.2,17.9,21.0,0.1,81,40,2024-11-20
24.6,18.3,21.3,0.0,84,50,2024-11-21
26.3,18.1,22.1,0.0,84,47,2024-11-22
27.4,19.1,22.8,0.0,84,46,2024-11-23
31.6,20.6,25.6,4.3,86,43,2024-11-24
29.4,21.2,24.4,2.7,95,57,2024-11-25
28.0,21.2,23.6,3.1,91,60,2024-11-26
26.6,20.5,22.9,0.5,96,61,2024-11-27
26.2,19.3,22.6,0.7,88,58,2024-11-28
27.4,19.1,22.9,8.7,92,28,2024-11-29
25.3,16.9,21.3,0.0,89,45,2024-11-30
21.2,18.6,20.3,26.6,89,69,2024-12-01
22.3,13.0,17.8,0.0,71,33,2024-12-02
23.1,9.3,16.9,0.0,81,25,2024-12-03
27.8,14.3,21.3,0.0,62,25,2024-12-04
32.7,17.8,25.0,0.0,75,25,2024-12-05
27.7,18.7,23.6,12.3,93,44,2024-12-06
20.4,12.6,16.9,0.0,79,35,2024-12-07
23.5,10.1,16.8,0.0,72,27,2024-12-08
24.6,13.7,19.4,0.0,72,36,2024-12-09
28.6,16.6,22.9,0.0,88,29,2024-12-10
29.3,19.6,24.3,0.0,76,37,2024-12-11
31.5,21.3,26.1,0.0,75,39,2024-12-12
27.8,21.4,24.2,0.7,81,54,2024-12-13
29.7,17.1,23.1,0.0,93,37,2024-12-14
26.8,17.3,21.7,0.0,84,38,2024-12-15
26.2,13.8,20.3,0.0,84,38,2024-12-16
27.5,19.6,23.1,0.0,79,41,2024-12-17
29.4,20.2,24.6,0.0,78,36,2024-12-18
28.2,21.4,24.3,3.3,85,43,2024-12-19
31.6,21.2,26.0,0.0,77,26,2024-12-20
24.3,14.5,19.2,0.0,65,34,2024-12-21
27.9,15.9,21.9,0.0,71,31,2024-12-22
31.2,18.8,25.2,0.0,59,25,2024-12-23
27.1,18.5,22.2,1.9,85,34,2024-12-24
23.2,14.9,18.8,0.0,89,44,2024-12-25
26.3,14.4,20.3,0.0,88,39,2024-12-26
29.3,16.0,22.8,0.0,89,28,2024-12-27
28.4,18.0,22.3,0.0,89,42,2024-12-28
26.5,18.5,21.9,0.0,84,39,2024-12-29
28.6,19.2,23.7,0.0,85,41,2024-12-30
30.7,21.0,25.4,0.0,84,39,2024-12-31
34.3,23.3,26.5,9.4,79,36,2025-01-01
32.6,20.3,25.8,0.0,85,22,2025-01-02
27.6,16.0,22.2,0.0,63,38,2025-01-03
27.7,15.6,21.7,0.0,81,35,2025-01-04
26.3,18.1,21.9,0.0,85,47,2025-01-05
26.6,18.6,22.3,0.0,81,33,2025-01-06
29.4,19.7,24.1,0.0,86,28,2025-01-07
30.5,21.0,25.2,0.0,78,30,2025-01-08
31.2,21.5,25.8,0.0,79,29,2025-01-09
32.0,22.0,25.9,0.0,82,33,2025-01-10
29.2,21.5,24.9,0.0,81,33,2025-01-11
29.9,21.1,25.1,0.0,79,35,2025-01-12
31.6,22.5,26.4,0.0,74,30,2025-01-13
32.0,22.7,27.0,0.0,72,29,2025-01-14
33.4,23.4,28.0,0.0,79,27,2025-01-15
35.8,25.0,29.5,0.0,77,27,2025-01-16
33.8,22.3,26.9,2.8,86,38,2025-01-17
28.6,20.9,24.6,0.8,81,54,2025-01-18
24.7,20.2,22.6,15.8,89,73,2025-01-19
27.7,18.8,22.6,0.6,91,43,2025-01-20
29.0,19.9,24.2,0.0,77,46,2025-01-21
35.7,21.3,28.4,0.0,78,26,2025-01-22
34.2,24.1,29.1,0.1,86,34,2025-01-23
32.2,24.6,28.3,4.0,80,48,2025-01-24
31.6,21.9,26.9,0.0,82,28,2025-01-25
32.6,23.0,27.8,0.0,64,21,2025-01-26
31.8,23.0,26.8,4.2,76,43,2025-01-27
31.0,22.6,26.1,0.0,94,46,2025-01-28
30.4,19.7,25.3,0.0,88,49,2025-01-29
29.4,23.7,25.9,0.0,85,41,2025-01-30
29.9,22.0,25.8,0.0,80,44,2025-01-31
33.1,22.0,27.2,0.0,84,33,2025-02-01
34.3,23.6,28.7,0.0,73,31,2025-02-02
36.8,25.5,30.5,0.0,70,31,2025-02-03
31.5,23.4,26.4,4.6,85,49,2025-02-04
24.1,20.5,22.9,91.1,95,77,2025-02-05
29.6,18.7,23.6,0.0,96,47,2025-02-06
31.1,21.1,26.3,0.0,86,36,2025-02-07
34.2,23.2,28.7,0.0,73,42,2025-02-08
29.0,21.0,24.9,0.0,78,60,2025-02-09
38.5,23.5,30.5,0.0,90,29,2025-02-10
30.1,19.5,23.1,14.5,92,65,2025-02-11
26.4,19.7,22.6,0.0,95,54,2025-02-12
30.2,19.6,24.3,0.0,87,21,2025-02-13
30.1,20.8,23.9,7.0,88,32,2025-02-14
28.9,20.7,24.3,1.0,85,53,2025-02-15
29.6,22.4,25.2,0.3,91,48,2025-02-16
32.1,19.2,25.0,0.0,96,23,2025-02-17
22.8,11.1,17.8,0.0,80,24,2025-02-18
29.0,15.4,22.3,0.0,94,36,2025-02-19
32.9,21.5,26.6,0.0,81,42,2025-02-20
35.2,24.7,29.1,1.1,77,44,2025-02-21
35.2,25.8,29.1,0.2,88,51,2025-02-22
31.6,24.1,27.5,0.0,87,56,2025-02-23
28.0,23.4,25.8,1.8,89,75,2025-02-24
28.8,22.5,25.1,2.2,93,67,2025-02-25
26.7,21.9,24.2,1.1,95,51,2025-02-26
27.5,22.4,24.7,0.0,89,66,2025-02-27
30.6,24.6,26.7,19.0,93,68,2025-02-28
28.3,23.8,25.8,0.0,93,62,2025-03-01
26.1,22.1,23.6,15.9,95,75,2025-03-02
26.7,23.1,24.5,50.0,97,83,2025-03-03
28.8,21.8,25.1,3.5,97,70,2025-03-04
35.8,25.7,29.8,2.7,95,51,2025-03-05
35.3,26.3,30.4,0.0,89,50,2025-03-06
34.8,26.5,30.2,0.4,80,49,2025-03-07
29.0,16.6,21.1,30.1,94,56,2025-03-08
22.1,12.6,17.4,0.0,83,39,2025-03-09
23.9,14.7,19.2,0.0,86,45,2025-03-10
21.6,16.0,18.5,2.3,88,60,2025-03-11
21.9,14.4,17.4,1.0,76,39,2025-03-12
21.1,11.4,16.6,0.0,90,39,2025-03-13
23.0,12.4,17.6,0.0,88,53,2025-03-14
23.9,16.9,20.1,0.0,86,47,2025-03-15
24.3,19.4,21.4,0.3,87,52,2025-03-16
28.5,19.3,23.2,0.0,86,41,2025-03-17
29.0,19.2,23.7,1.9,89,52,2025-03-18
30.9,20.5,25.3,0.0,85,44,2025-03-19
32.5,20.1,25.8,0.0,82,36,2025-03-20
31.7,21.6,26.3,0.0,79,40,2025-03-21
28.6,21.8,24.7,11.4,90,54,2025-03-22
22.1,19.1,20.7,11.6,94,81,2025-03-23
24.2,17.9,20.4,12.3,93,72,2025-03-24
24.5,15.5,19.8,0.0,87,57,2025-03-25
25.6,17.8,21.3,0.0,86,63,2025-03-26
28.7,20.8,24.0,0.2,88,57,2025-03-27
26.6,19.6,22.5,17.0,91,56,2025-03-28
25.9,15.4,20.6,0.0,94,54,2025-03-29
30.3,18.4,23.6,22.0,87,53,2025-03-30
20.7,14.1,16.9,5.1,82,48,2025-03-31
20.4,9.8,15.9,0.0,79,45,2025-04-01
24.2,12.5,18.3,0.0,96,45,2025-04-02
22.4,10.2,16.4,0.0,86,30,2025-04-03
16.4,5.8,11.2,0.0,86,43,2025-04-04
18.4,9.3,13.8,0.0,74,47,2025-04-05
22.0,13.8,17.8,0.0,88,62,2025-04-06
19.6,16.4,17.6,17.4,93,69,2025-04-07
21.9,16.4,18.9,4.5,94,66,2025-04-08
21.9,17.3,19.7,0.3,88,72,2025-04-09
23.1,18.9,20.5,0.2,89,72,2025-04-10
25.1,19.2,21.2,0.1,90,62,2025-04-11
24.3,16.0,20.7,0.4,95,60,2025-04-12
22.4,11.7,16.7,0.0,82,36,2025-04-13
21.9,10.8,16.4,0.0,91,48,2025-04-14
19.7,15.0,17.3,2.1,91,60,2025-04-15
21.0,13.1,16.3,2.0,96,54,2025-04-16
23.0,15.5,17.8,19.6,93,58,2025-04-17
21.4,13.8,17.2,0.2,96,49,2025-04-18
19.1,8.6,13.8,0.0,82,48,2025-04-19
18.9,9.2,13.9,0.0,90,46,2025-04-20
20.0,11.4,15.7,0.0,93,51,2025-04-21
24.4,15.3,19.3,0.0,83,45,2025-04-22
25.6,17.4,20.6,0.3,82,49,2025-04-23
24.5,15.2,18.9,0.0,94,56,2025-04-24
26.6,17.8,21.3,2.9,95,56,2025-04-25
21.0,12.8,17.8,22.2,93,31,2025-04-26
21.9,9.3,14.9,0.0,72,31,2025-04-27
21.6,9.5,15.2,0.0,78,36,2025-04-28
22.7,10.3,16.0,0.0,83,38,2025-04-29
24.2,12.4,17.7,0.0,85,43,2025-04-30
20.9,15.0,17.5,0.0,81,56,2025-05-01
24.8,15.1,18.9,0.0,88,41,2025-05-02
24.0,12.3,18.2,0.0,95,43,2025-05-03
26.0,16.7,20.3,4.5,91,54,2025-05-04
19.6,15.9,17.7,8.7,96,87,2025-05-05
22.9,17.6,19.6,7.7,97,68,2025-05-06
22.3,18.5,19.8,11.7,95,72,2025-05-07
22.0,17.2,19.0,1.6,97,74,2025-05-08
22.3,12.3,16.9,0.0,95,45,2025-05-09
22.1,13.2,16.9,0.0,81,42,2025-05-10
20.0,12.2,16.0,0.0,88,49,2025-05-11
20.2,12.8,16.1,0.0,86,53,2025-05-12
22.7,13.9,17.7,0.0,91,56,2025-05-13
24.8,16.2,19.5,0.0,90,61,2025-05-14
23.8,19.0,21.3,0.0,94,77,2025-05-15
21.6,19.1,20.4,23.2,94,84,2025-05-16
20.9,18.3,19.5,39.9,95,84,2025-05-17
19.3,10.2,14.8,9.3,92,35,2025-05-18
15.0,7.8,11.7,0.0,98,60,2025-05-19
16.5,6.0,11.0,0.0,100,45,2025-05-20
14.9,8.4,11.4,0.0,81,43,2025-05-21
15.9,7.0,11.4,0.0,90,55,2025-05-22
16.1,10.7,13.2,0.0,84,49,2025-05-23
17.5,12.9,14.7,0.1,96,69,2025-05-24
18.1,12.4,15.1,0.0,100,75,2025-05-25
18.9,15.8,17.1,6.2,96,87,2025-05-26
17.9,10.8,14.7,13.4,98,67,2025-05-27
11.6,7.7,9.4,0.0,82,61,2025-05-28
12.8,3.9,7.9,0.0,82,45,2025-05-29
14.6,4.2,8.9,0.0,83,47,2025-05-30
17.3,6.4,10.9,0.0,89,39,2025-05-31
16.7,3.8,9.7,0.0,86,33,2025-06-01
17.2,6.6,11.1,0.0,88,56,2025-06-02
17.0,7.6,11.6,0.0,94,59,2025-06-03
18.3,9.7,13.5,0.0,98,72,2025-06-04
16.1,6.5,10.8,0.0,95,37,2025-06-05
18.9,5.1,10.8,0.0,85,41,2025-06-06
16.5,6.1,10.6,0.0,92,53,2025-06-07
14.9,6.7,9.8,0.0,95,62,2025-06-08
13.0,5.1,8.8,0.0,92,55,2025-06-09
15.5,3.9,9.2,0.0,95,60,2025-06-10
15.8,6.7,10.6,0.0,96,58,2025-06-11
16.7,8.8,12.1,0.0,89,51,2025-06-12
13.6,11.8,12.6,3.7,95,66,2025-06-13
12.1,8.5,10.8,10.0,97,84,2025-06-14
13.6,3.4,8.1,0.0,94,51,2025-06-15
13.3,7.2,10.3,0.0,95,77,2025-06-16
14.0,7.9,11.4,0.0,96,73,2025-06-17
15.5,4.6,9.1,0.0,98,54,2025-06-18
17.3,3.1,9.3,0.0,100,47,2025-06-19
17.7,4.8,10.1,0.0,89,44,2025-06-20
15.3,6.3,10.3,0.0,84,56,2025-06-21
15.4,5.7,11.0,1.6,98,52,2025-06-22
8.5,3.7,5.9,0.2,73,55,2025-06-23
14.8,0.5,7.1,0.0,70,25,2025-06-24
14.4,5.2,8.9,0.0,82,42,2025-06-25
14.7,1.1,6.8,0.0,83,28,2025-06-26
14.7,2.9,7.7,0.0,69,30,2025-06-27
13.8,2.0,8.4,0.0,96,41,2025-06-28
8.3,1.7,5.3,0.2,85,43,2025-06-29
7.3,1.0,3.3,0.0,88,49,2025-06-30
8.8,-1.7,2.9,0.0,86,32,2025-07-01
10.1,-2.9,2.7,0.0,86,42,2025-07-02
13.9,1.1,6.4,0.0,92,48,2025-07-03
15.2,5.3,9.3,0.0,94,62,2025-07-04
14.6,5.4,9.5,0.0,97,64,2025-07-05
14.5,7.9,11.0,0.0,95,58,2025-07-06
19.1,10.4,13.4,1.5,96,61,2025-07-07
17.7,7.6,11.2,0.0,100,70,2025-07-08
18.8,8.8,13.0,0.0,98,56,2025-07-09
15.0,10.1,12.5,0.3,86,60,2025-07-10
17.1,7.9,12.4,0.0,96,62,2025-07-11
17.1,9.2,12.2,0.0,97,59,2025-07-12
18.6,9.5,12.9,0.0,93,45,2025-07-13
14.6,9.1,12.0,0.0,97,70,2025-07-14
21.3,13.1,16.3,0.0,94,62,2025-07-15
17.5,9.6,13.7,27.0,95,80,2025-07-16
12.3,6.4,9.0,1.3,91,68,2025-07-17
15.4,3.9,8.7,0.0,93,49,2025-07-18
18.0,6.1,11.1,0.0,93,47,2025-07-19
19.3,7.4,12.6,0.0,93,54,2025-07-20
20.2,9.5,14.0,0.0,97,59,2025-07-21
14.0,7.5,11.2,0.0,95,60,2025-07-22
11.2,3.2,7.6,0.0,89,58,2025-07-23
15.0,7.0,10.8,0.0,92,63,2025-07-24
13.9,11.0,12.3,2.8,95,78,2025-07-25
10.9,6.7,9.1,0.2,96,65,2025-07-26
12.6,7.3,9.4,0.0,87,64,2025-07-27
15.7,7.1,10.6,0.0,92,48,2025-07-28
15.9,6.8,10.5,0.0,100,59,2025-07-29
19.1,8.3,13.1,0.0,87,38,2025-07-30
18.4,11.4,15.0,0.3,68,53,2025-07-31
18.6,15.4,16.7,23.6,93,61,2025-08-01
18.9,12.1,15.2,0.0,94,53,2025-08-02
17.3,8.9,12.7,0.0,84,29,2025-08-03
15.5,5.9,10.2,0.0,78,32,2025-08-04
12.8,6.1,9.0,0.0,93,55,2025-08-05
16.8,6.0,11.1,0.0,91,44,2025-08-06
12.8,7.0,9.9,0.0,93,55,2025-08-07
13.5,4.4,8.4,0.0,92,48,2025-08-08
15.6,2.2,8.5,0.0,94,40,2025-08-09
17.5,3.9,10.3,0.0,88,36,2025-08-10
19.9,5.7,12.0,0.0,82,37,2025-08-11
21.8,8.5,14.2,0.0,77,40,2025-08-12
13.6,8.6,11.4,0.0,83,48,2025-08-13
12.3,4.7,8.5,0.0,86,41,2025-08-14
11.0,5.3,7.8,0.0,89,56,2025-08-15
12.8,6.6,9.8,0.3,94,73,2025-08-16
15.0,10.2,12.3,0.0,97,80,2025-08-17
15.5,11.7,13.6,0.6,97,77,2025-08-18
15.4,14.5,15.0,75.8,96,88,2025-08-19
17.6,12.4,14.7,11.6,97,56,2025-08-20
21.2,8.7,14.5,0.0,84,44,2025-08-21
17.8,10.7,14.7,0.0,85,55,2025-08-22
15.0,7.7,10.8,0.0,80,30,2025-08-23
18.2,4.8,11.0,0.0,70,26,2025-08-24
20.6,8.8,14.2,0.0,71,41,2025-08-25
21.1,9.9,15.0,0.0,88,32,2025-08-26
21.9,10.5,15.6,0.0,85,40,2025-08-27
21.6,10.9,15.7,0.0,92,48,2025-08-28
21.9,13.9,17.1,0.0,94,64,2025-08-29
21.7,14.7,17.6,0.0,96,68,2025-08-30
19.1,14.7,16.9,14.0,96,86,2025-08-31
18.0,10.0,13.0,38.7,98,71,2025-09-01
15.4,8.2,11.1,1.0,95,68,2025-09-02
17.5,10.0,13.0,0.0,96,56,2025-09-03
11.0,4.6,7.9,0.0,78,38,2025-09-04
13.4,2.0,7.8,0.0,89,35,2025-09-05
14.4,1.4,8.3,0.0,95,36,2025-09-06
15.3,5.2,10.7,0.0,87,42,2025-09-07
17.8,8.8,12.9,0.0,94,54,2025-09-08
22.2,7.9,14.5,0.0,89,27,2025-09-09
23.7,11.1,16.6,0.0,86,46,2025-09-10
23.2,9.7,16.1,0.0,89,26,2025-09-11
21.9,8.7,15.3,0.0,96,30,2025-09-12
19.9,11.2,15.5,0.1,85,40,2025-09-13
23.5,12.5,17.6,0.0,94,52,2025-09-14
22.4,13.8,17.0,0.3,93,54,2025-09-15
21.1,11.7,15.8,0.0,96,53,2025-09-16
23.3,13.2,18.0,0.0,92,57,2025-09-17
23.3,16.3,19.0,0.0,93,53,2025-09-18
20.7,15.7,18.1,9.3,93,84,2025-09-19
18.3,14.3,16.8,22.8,97,88,2025-09-20
16.1,11.4,13.8,0.1,95,70,2025-09-21
20.3,9.7,14.3,0.0,92,38,2025-09-22
19.0,9.2,14.2,0.0,80,39,2025-09-23
16.2,7.5,12.1,0.0,78,54,2025-09-24
17.6,8.8,13.0,0.0,87,50,2025-09-25
22.9,11.2,16.7,0.0,76,52,2025-09-26
18.6,13.9,15.7,12.1,93,60,2025-09-27
22.3,9.3,15.8,0.0,95,38,2025-09-28
23.3,11.0,17.4,0.0,85,43,2025-09-29
24.1,13.0,18.1,0.0,91,36,2025-09-30
23.5,10.5,17.0,0.0,86,25,2025-10-01
24.4,14.0,18.8,0.0,85,40,2025-10-02
25.9,15.3,20.3,0.0,93,59,2025-10-03
28.0,18.8,23.2,0.0,94,57,2025-10-04
23.1,13.3,18.8,18.6,94,76,2025-10-05
16.9,8.5,12.3,0.0,89,47,2025-10-06
23.1,7.3,15.2,0.0,81,37,2025-10-07
25.0,10.8,17.9,0.0,75,33,2025-10-08
26.5,12.9,19.6,0.0,77,35,2025-10-09
28.6,14.5,21.0,0.0,70,34,2025-10-10
26.8,17.4,21.6,2.1,87,52,2025-10-11
18.2,13.7,15.7,0.1,90,60,2025-10-12
24.4,12.3,17.8,0.0,85,38,2025-10-13
25.5,12.6,19.0,0.0,92,46,2025-10-14
27.1,16.6,21.5,0.0,88,41,2025-10-15
28.6,16.6,22.4,0.0,91,42,2025-10-16
21.8,15.7,19.2,0.6,87,35,2025-10-17
22.4,11.0,16.3,0.0,89,35,2025-10-18
20.9,10.6,16.1,0.0,76,42,2025-10-19
24.7,13.5,19.2,0.0,76,36,2025-10-20
28.3,16.1,22.0,0.0,65,37,2025-10-21
26.8,18.6,21.9,0.0,74,41,2025-10-22
31.2,19.1,24.9,0.0,81,35,2025-10-23
25.2,19.5,20.9,34.3,92,54,2025-10-24
19.4,12.6,15.9,13.4,97,71,2025-10-25
22.7,8.5,15.9,0.0,97,41,2025-10-26
15.3,9.7,11.9,0.7,84,62,2025-10-27
16.8,7.0,11.9,0.9,84,39,2025-10-28
17.2,8.1,12.6,0.0,79,54,2025-10-29
19.7,12.8,16.0,0.0,82,42,2025-10-30
23.2,12.9,18.0,0.0,88,38,2025-10-31
27.3,14.8,21.3,0.0,89,39,2025-11-01
24.4,18.3,21.0,2.1,84,61,2025-11-02
27.9,17.1,21.8,0.1,89,43,2025-11-03
23.2,16.7,19.4,11.5,91,69,2025-11-04
20.5,13.5,16.6,0.0,89,43,2025-11-05
18.3,9.9,14.6,0.1,87,53,2025-11-06
16.0,13.4,14.6,7.1,94,70,2025-11-07
21.0,12.3,16.4,0.4,95,49,2025-11-08
24.4,12.6,19.0,0.0,93,41,2025-11-09
26.9,13.1,20.3,0.0,91,33,2025-11-10
29.4,16.6,22.2,2.0,90,34,2025-11-11
26.4,13.0,19.8,0.0,95,32,2025-11-12
27.5,13.0,20.9,0.0,83,34,2025-11-13
30.7,15.2,23.3,0.0,87,31,2025-11-14
33.8,17.6,25.8,0.0,75,28,2025-11-15
25.0,14.6,20.9,36.4,95,40,2025-11-16
23.1,9.9,17.0,0.0,76,36,2025-11-17
28.8,15.5,21.3,0.0,68,29,2025-11-18
24.0,15.5,19.8,0.0,79,39,2025-11-19
24.5,15.7,19.4,22.4,91,42,2025-11-20
20.7,13.3,16.8,0.0,94,60,2025-11-21
20.8,9.9,15.4,0.0,81,43,2025-11-22
22.9,12.8,17.9,0.0,87,37,2025-11-23
25.4,15.3,20.3,0.0,89,40,2025-11-24
29.5,16.1,23.1,0.0,92,26,2025-11-25
30.7,19.4,24.9,0.0,86,39,2025-11-26
30.1,20.6,25.4,0.1,82,51,2025-11-27
30.1,16.9,23.7,0.0,90,49,2025-11-28
18.5,16.6,17.5,2.5,90,74,2025-11-29
20.0,16.3,17.8,9.0,91,76,2025-11-30
23.5,17.8,19.7,9.1,94,70,2025-12-01
27.6,14.9,21.6,0.0,93,42,2025-12-02
31.4,18.1,24.9,0.0,92,32,2025-12-03
34.6,19.8,27.3,0.0,72,29,2025-12-04
33.5,22.2,27.6,0.1,69,39,2025-12-05
31.5,22.6,26.5,0.0,76,45,2025-12-06
27.0,17.2,21.9,0.0,83,43,2025-12-07
25.1,17.5,21.2,0.0,84,51,2025-12-08
23.8,19.0,21.2,4.6,93,79,2025-12-09
29.5,17.5,23.4,0.2,97,45,2025-12-10
31.7,19.5,25.1,3.0,94,44,2025-12-11
34.4,18.7,26.7,0.0,84,20,2025-12-12
34.9,20.4,26.8,1.4,69,30,2025-12-13
24.3,19.3,21.4,10.1,88,64,2025-12-14
27.4,17.2,21.8,0.1,75,25,2025-12-15
25.2,14.2,20.1,0.0,79,26,2025-12-16
30.3,14.9,23.2,0.0,74,31,2025-12-17
33.3,19.8,27.0,0.0,67,29,2025-12-18
31.9,18.7,25.5,0.0,79,41,2025-12-19
25.9,22.9,24.6,5.7,87,63,2025-12-20
31.5,19.6,25.7,1.0,95,45,2025-12-21
30.5,21.0,25.4,0.0,91,48,2025-12-22
32.7,21.7,26.9,0.5,91,41,2025-12-23
35.0,22.8,28.5,0.2,90,34,2025-12-24
30.6,18.8,25.0,0.4,73,35,2025-12-25
33.4,18.8,26.6,0.0,85,26,2025-12-26
37.0,22.3,29.0,0.0,89,29,2025-12-27
33.4,23.2,27.9,0.0,70,23,2025-12-28
36.4,21.7,28.5,0.0,87,23,2025-12-29
38.0,22.0,30.4,0.0,65,22,2025-12-30
38.7,24.6,31.7,0.1,68,22,2025-12-31
